Id,Name,Project,Score
76,projekt-detail_081,FA1104,0.9182011867
394,projekt-detail_1291,IS0703,0.8862310713
1065,projekt-detail_203,TU1204,0.559333886
1344,projekt-detail_499,BM1001,0.5506228737
1520,projekt-detail_690,IS0703,0.5052135902
6,projekt-detail_007,FA1104,0.5029170181
1663,projekt-detail_851,IS0703,0.4998680946
795,projekt-detail_1682,TU0702,0.4909234563
732,projekt-detail_1621,IS0703,0.4607811968
1124,projekt-detail_264,FA1305,0.4600419637
624,projekt-detail_1513,IS1007,0.4579582682
682,projekt-detail_1574,IS1406,0.454036833
1289,projekt-detail_436,TU1204,0.4390385991
449,projekt-detail_1346,TU0903,0.4380761064
420,projekt-detail_131,IS0906,0.4365893316
556,projekt-detail_1450,IS1406,0.4229863717
858,projekt-detail_1741,IS1007,0.4162533479
599,projekt-detail_148,TU1304,0.4114891657
1343,projekt-detail_497,IC1303,0.4084215576
1099,projekt-detail_239,FA1101,0.4083604109
408,projekt-detail_1307,TD1005,0.402779571
1356,projekt-detail_511,IS1007,0.4023820881
1387,projekt-detail_543,IS0703,0.3986218593
1776,projekt-detail_974,TU1204,0.3981138807
1071,projekt-detail_209,ES1408,0.3928089048
619,projekt-detail_1509,IS0703,0.3918748464
1165,projekt-detail_306,TD0803,0.3842884912
705,projekt-detail_1596,TU0702,0.3823605547
837,projekt-detail_1721,IS0602,0.38203312
1644,projekt-detail_832,IS0703,0.3786987995
7,projekt-detail_008,IS1007,0.3751898798
1716,projekt-detail_907,TD1005,0.3726116466
1392,projekt-detail_548,IS0703,0.3718035441
1329,projekt-detail_481,BM0804,0.3711950014
1206,projekt-detail_349,IS0906,0.3706387765
1736,projekt-detail_928,IS1306,0.3699605716
130,projekt-detail_1035,TD1005,0.3690028093
492,projekt-detail_1386,IS0906,0.3677833945
1570,projekt-detail_745,IS0906,0.3663700062
290,projekt-detail_1191,IS0703,0.3649694602
1232,projekt-detail_376,TU1204,0.3642358468
621,projekt-detail_1510,IS1306,0.3623025181
331,projekt-detail_1230,TD1202,0.3617963534
903,projekt-detail_1783,TU1001,0.3617159935
508,projekt-detail_1403,TU1204,0.3588937502
1257,projekt-detail_402,FP1405,0.3547887966
425,projekt-detail_1324,MP1301,0.3541017967
172,projekt-detail_1074,TU0602,0.3537867692
1304,projekt-detail_454,IC0901,0.3491194711
618,projekt-detail_1508,IS1404,0.3483553266
672,projekt-detail_1565,TU0702,0.3479603948
2,projekt-detail_002,IS1006,0.3460567767
66,projekt-detail_071,FA1302,0.3435932642
189,projekt-detail_1091,IS0703,0.342433752
1309,projekt-detail_460,TU1004,0.3414454222
1363,projekt-detail_518,IS0602,0.341364867
1147,projekt-detail_287,IS1007,0.3409427953
1255,projekt-detail_400,FA0807,0.3384365665
1526,projekt-detail_697,IS0703,0.337586879
1637,projekt-detail_825,FP1004,0.3365136363
1475,projekt-detail_640,TU1401,0.3364946753
1209,projekt-detail_353,FP1001,0.3356764148
1202,projekt-detail_345,TU1304,0.3329052626
1456,projekt-detail_618,IC1002,0.3321117002
1476,projekt-detail_641,TD0906,0.3309021917
871,projekt-detail_1753,TU1209,0.3267668529
1102,projekt-detail_242,TU1401,0.3240830952
350,projekt-detail_1249,TU1203,0.3231755298
429,projekt-detail_1328,MP1301,0.3216568983
801,projekt-detail_1688,TU0702,0.3208756809
1589,projekt-detail_764,IS0703,0.320636592
812,projekt-detail_1698,IS1007,0.3195543586
988,projekt-detail_1863,BM0704,0.3194852854
1511,projekt-detail_679,TU1305,0.3192357669
345,projekt-detail_1244,IC0901,0.3184087852
1607,projekt-detail_785,IS1406,0.3177511675
219,projekt-detail_111,IS1204,0.3151194023
645,projekt-detail_1532,TU0702,0.3140860198
605,projekt-detail_1495,TU1105,0.3135965107
1493,projekt-detail_659,IS0603,0.3131192615
1407,projekt-detail_564,IS0906,0.3130744768
1,projekt-detail_001,IC1303,0.3103189469
729,projekt-detail_1619,TU1201,0.3098475475
164,projekt-detail_1067,TU1105,0.3092476305
1291,projekt-detail_438,TU1401,0.3086114265
685,projekt-detail_1577,IS1406,0.307560485
1200,projekt-detail_343,IS1007,0.3069448438
1383,projekt-detail_539,FA1305,0.306132802
347,projekt-detail_1246,TU1004,0.3057855787
1515,projekt-detail_684,TU1204,0.305458817
1466,projekt-detail_629,TD1106,0.304309696
1411,projekt-detail_568,IS0906,0.3040293179
620,projekt-detail_150,TU1304,0.3037140419
1107,projekt-detail_247,IS0906,0.3019840713
1784,projekt-detail_982,IS1007,0.3014308765
1191,projekt-detail_334,FP0603,0.3009584585
1561,projekt-detail_736,IC1207,0.3000636271
214,projekt-detail_1115,IS1306,0.2973314862
1008,projekt-detail_1883,TD1103,0.2969215025
282,projekt-detail_1184,FA1001,0.2969002838
892,projekt-detail_1773,TU0804,0.296722282
654,projekt-detail_1549,IS1406,0.2946112559
1376,projekt-detail_532,TD1001,0.2945167242
1444,projekt-detail_606,MP1301,0.2942501586
608,projekt-detail_1498,TU0701,0.2940249007
891,projekt-detail_1772,TU0804,0.2932756463
1661,projekt-detail_849,IS1406,0.293047927
1537,projekt-detail_708,TU0702,0.2930467509
14,projekt-detail_015,TU1306,0.2915805821
1085,projekt-detail_225,IS0703,0.2911968997
365,projekt-detail_1263,IS1204,0.2911007156
1724,projekt-detail_915,IS0906,0.290496253
881,projekt-detail_1763,TU1406,0.2898007036
243,projekt-detail_1144,TD1001,0.2882121294
950,projekt-detail_1829,FP1302,0.2880162188
1072,projekt-detail_210,MP1301,0.2877354224
175,projekt-detail_1077,IS0703,0.2871764134
315,projekt-detail_1215,IS1002,0.2857277474
48,projekt-detail_053,IS0602,0.2856806936
1696,projekt-detail_887,FP1405,0.2844505521
592,projekt-detail_1483,FA1302,0.2828825741
555,projekt-detail_1449,IS1406,0.2825501519
554,projekt-detail_1448,IS0805,0.2824949735
770,projekt-detail_1658,IS0906,0.2814400768
1268,projekt-detail_413,FA0802,0.2809503751
1480,projekt-detail_645,TD1005,0.2799429171
1580,projekt-detail_755,IS1002,0.2787077716
466,projekt-detail_1362,TU1401,0.2780589161
727,projekt-detail_1617,FP1302,0.2779044077
382,projekt-detail_127,TU1304,0.2773401871
10,projekt-detail_011,FA0802,0.2771689538
1590,projekt-detail_765,TU0701,0.2769578843
1132,projekt-detail_272,BM1209,0.2755743021
893,projekt-detail_1774,TU0804,0.275351296
196,projekt-detail_1098,TU0804,0.2752279157
1665,projekt-detail_853,TU1401,0.2741306826
575,projekt-detail_1468,IC1002,0.2733667924
518,projekt-detail_1413,IS1107,0.2720546801
342,projekt-detail_1241,TU0804,0.271916354
1699,projekt-detail_890,TD1001,0.2717315663
306,projekt-detail_1207,IS1204,0.2710805058
1144,projekt-detail_284,ES1002,0.2684611146
108,projekt-detail_1014,MP1106,0.2684001548
1235,projekt-detail_379,FA1202,0.2675586484
1094,projekt-detail_234,TU1401,0.2672536227
808,projekt-detail_1694,TU0702,0.2663073105
807,projekt-detail_1693,TU0702,0.2663073105
326,projekt-detail_1226,TU1401,0.266303754
1775,projekt-detail_972,IS0906,0.2662131197
358,projekt-detail_1257,IC0901,0.2660040534
464,projekt-detail_1360,ES1201,0.2654454103
650,projekt-detail_153,TU0804,0.2645948493
1560,projekt-detail_735,TD1006,0.2642026229
561,projekt-detail_1455,IS0906,0.2637690865
768,projekt-detail_1656,TU0903,0.2628374566
1525,projekt-detail_696,TU1204,0.2627325806
133,projekt-detail_1038,IS0703,0.2623321792
1695,projekt-detail_886,FA1308,0.2620900686
371,projekt-detail_1269,FP1206,0.2614412029
303,projekt-detail_1204,TD1001,0.2610386129
1634,projekt-detail_821,TU0804,0.2601986803
135,projekt-detail_103,IC1302,0.2598951449
158,projekt-detail_1061,IS1204,0.2593170942
97,projekt-detail_1002,ES1406,0.2580803418
69,projekt-detail_074,TD1203,0.2570893349
856,projekt-detail_173,FA1106,0.2558014745
1389,projekt-detail_545,IS1002,0.2554849651
572,projekt-detail_1465,FP1206,0.2539278035
867,projekt-detail_174,IS0902,0.2536877758
1330,projekt-detail_482,TU1004,0.2536522797
516,projekt-detail_1411,TD1203,0.2535472519
163,projekt-detail_1066,TU1204,0.2533885972
372,projekt-detail_126,TU0702,0.2531207305
1351,projekt-detail_506,FP1104,0.2526520429
1701,projekt-detail_892,IS1002,0.2525072559
38,projekt-detail_043,TU1204,0.25210505
1517,projekt-detail_687,FP1405,0.2520398817
830,projekt-detail_1715,TU1002,0.2519575892
1237,projekt-detail_381,TU1001,0.2503398729
1118,projekt-detail_258,IS1406,0.250331731
41,projekt-detail_046,ES1002,0.2502957849
710,projekt-detail_1601,IS0603,0.249855192
474,projekt-detail_136,TU1207,0.2497613332
565,projekt-detail_1459,TD1201,0.2496920164
696,projekt-detail_1587,IS1306,0.2490337591
908,projekt-detail_1788,IC0901,0.2486485162
1452,projekt-detail_614,TD1001,0.2485111395
417,projekt-detail_1317,TU0804,0.2484193811
1657,projekt-detail_845,TD1006,0.2476058252
956,projekt-detail_1834,ES0602,0.2469900043
1530,projekt-detail_701,TU0804,0.2469373569
279,projekt-detail_1180,FP0903,0.2459449854
1349,projekt-detail_504,TU1401,0.2458288596
560,projekt-detail_1454,TD1201,0.2455024046
931,projekt-detail_1810,TU0903,0.2449750342
1342,projekt-detail_496,TD1005,0.2448506621
473,projekt-detail_1369,FA1001,0.2447522556
1774,projekt-detail_970,IS0906,0.2447014692
1353,projekt-detail_508,IC1207,0.2445620602
1057,projekt-detail_195,IS1106,0.2442551602
1044,projekt-detail_1917,TD1203,0.2442227704
105,projekt-detail_1011,IS1007,0.243881466
1238,projekt-detail_383,IS1007,0.2438636809
1485,projekt-detail_650,TU0901,0.243698053
1360,projekt-detail_515,IS0906,0.2432995234
904,projekt-detail_1784,FA1302,0.242605675
422,projekt-detail_1321,IS1007,0.2424087716
1534,projekt-detail_705,IS1006,0.2421661251
1096,projekt-detail_236,IS0602,0.2398948758
612,projekt-detail_1501,TD1201,0.2397215865
932,projekt-detail_1811,TU1204,0.2394657041
1273,projekt-detail_419,IS1204,0.2389417716
220,projekt-detail_1120,IS0902,0.2370906382
1683,projekt-detail_874,ES1406,0.2368566691
190,projekt-detail_1092,IC1304,0.2368086127
375,projekt-detail_1273,FA0901,0.2368022487
1463,projekt-detail_625,IS1204,0.2356189382
1091,projekt-detail_231,FA1001,0.2353842658
671,projekt-detail_1564,TU0804,0.2353051901
1230,projekt-detail_374,IS0703,0.2349147911
432,projekt-detail_1330,FP1302,0.2348870076
1640,projekt-detail_828,TU0804,0.2345822582
1355,projekt-detail_510,TU0804,0.2345822582
778,projekt-detail_1665,ES0602,0.2341212932
247,projekt-detail_1149,FA1001,0.2340833201
61,projekt-detail_066,IS1204,0.2322382127
731,projekt-detail_1620,TU1002,0.2317587421
1423,projekt-detail_580,TU0804,0.2315436865
1276,projekt-detail_422,FA1006,0.2311076987
261,projekt-detail_1163,TU0804,0.2310940563
550,projekt-detail_1444,TU1204,0.2309663998
997,projekt-detail_1872,IS1004,0.2304638238
971,projekt-detail_1848,FP1104,0.2304329394
1562,projekt-detail_737,TD1005,0.2298317092
309,projekt-detail_120,TD1005,0.2297261424
71,projekt-detail_076,BM1209,0.227614272
1288,projekt-detail_435,TU1304,0.2272181787
625,projekt-detail_1514,IS1302,0.2267841562
195,projekt-detail_1097,IC1207,0.2265894542
1757,projekt-detail_951,FP1104,0.2265658888
953,projekt-detail_1831,IS1409,0.2265250095
405,projekt-detail_1303,TU0804,0.2260380457
1185,projekt-detail_328,IS1406,0.2250941144
735,projekt-detail_1624,IC0602,0.2248474107
23,projekt-detail_026,IS0603,0.2247004543
457,projekt-detail_1354,IS0906,0.2238902962
360,projekt-detail_1259,CM1005,0.2232762786
511,projekt-detail_1406,TU1004,0.2230546207
597,projekt-detail_1488,TU1406,0.2228777997
1420,projekt-detail_577,TU0804,0.2228558589
277,projekt-detail_1179,BM0703,0.2227664052
972,projekt-detail_1849,TU0701,0.2226610441
274,projekt-detail_1176,IS1007,0.2221516386
528,projekt-detail_1423,TU1401,0.2213427032
583,projekt-detail_1475,IC0901,0.2205478287
42,projekt-detail_047,ES1405,0.2203169331
197,projekt-detail_1099,TU1207,0.2202160991
965,projekt-detail_1842,TU0903,0.2199152434
1667,projekt-detail_856,IS0906,0.2197532656
1153,projekt-detail_293,IS0603,0.2194302124
107,projekt-detail_1013,TD1001,0.2189721356
1143,projekt-detail_283,TD1001,0.2188440436
414,projekt-detail_1313,IS1106,0.2188019179
1367,projekt-detail_523,FA1005,0.2184363629
774,projekt-detail_1661,TU0804,0.2181355734
467,projekt-detail_1363,ES0907,0.2181115454
54,projekt-detail_059,IS1406,0.2179657689
1375,projekt-detail_531,TU1304,0.2178126333
919,projekt-detail_1799,TU0903,0.2174987834
581,projekt-detail_1473,IC1304,0.2169648076
1346,projekt-detail_501,IC1002,0.2169457951
322,projekt-detail_1221,IC0901,0.2165995448
488,projekt-detail_1382,IC1002,0.2163153307
817,projekt-detail_1702,TU0804,0.2158106411
1112,projekt-detail_252,IC1104,0.2152821677
1435,projekt-detail_595,TU1401,0.215016529
1156,projekt-detail_297,TU0802,0.2149935839
1462,projekt-detail_624,TU0804,0.2144900469
1385,projekt-detail_541,TU1204,0.2144264882
604,projekt-detail_1494,TU0802,0.2142746351
814,projekt-detail_169,TD1106,0.2141385239
1514,projekt-detail_683,IS1406,0.2137103488
1350,projekt-detail_505,IS0906,0.2132374626
165,projekt-detail_1068,TU0903,0.2132304601
267,projekt-detail_116,TD1203,0.2126020446
925,projekt-detail_1804,TD1208,0.2118448465
505,projekt-detail_139,TU0802,0.2116582825
1141,projekt-detail_281,IC1002,0.2114254861
848,projekt-detail_1732,TU0701,0.2111079928
27,projekt-detail_031,BM0906,0.2106547677
312,projekt-detail_1212,IS1306,0.2105871546
1684,projekt-detail_875,TU1306,0.2101371562
779,projekt-detail_1666,IS0906,0.2096772256
1284,projekt-detail_431,TU1204,0.2095706284
291,projekt-detail_1192,IS1204,0.2092165705
187,projekt-detail_108,IS1007,0.2086851669
751,projekt-detail_163,TD1006,0.206765341
719,projekt-detail_160,TU0702,0.2061606176
1472,projekt-detail_637,IC1201,0.2061252852
538,projekt-detail_1432,IC1202,0.2061217724
1734,projekt-detail_926,IS1007,0.205898382
623,projekt-detail_1512,IC1207,0.2054894878
698,projekt-detail_158,IS0906,0.2054428352
324,projekt-detail_1223,ES1404,0.2049576228
775,projekt-detail_1662,IS0902,0.2044623092
851,projekt-detail_1735,BM0605,0.204293609
205,projekt-detail_1107,BM1308,0.2039772375
121,projekt-detail_1027,TU1209,0.2037985064
1754,projekt-detail_948,IC1304,0.2036790325
339,projekt-detail_1239,FP1004,0.2035784202
733,projekt-detail_1622,IS0906,0.2034335157
1095,projekt-detail_235,IS1406,0.2033703565
699,projekt-detail_1590,TD1201,0.2033685121
899,projekt-detail_177,IS0902,0.2032700927
166,projekt-detail_1069,TU0701,0.2028584418
162,projekt-detail_1065,ES1406,0.2027161709
607,projekt-detail_1497,TD1005,0.202444443
1681,projekt-detail_871,IS0703,0.2023129931
1588,projekt-detail_763,TU1004,0.2022181033
1625,projekt-detail_808,MP0806,0.2021182094
17,projekt-detail_019,IC0901,0.2020607757
1465,projekt-detail_628,TU0904,0.201684282
362,projekt-detail_1260,TU1204,0.2015721676
1705,projekt-detail_896,IS0907,0.2015279404
929,projekt-detail_1809,TU0903,0.2014044332
920,projekt-detail_179,CM0601,0.2011460448
743,projekt-detail_1631,TU0804,0.200810034
1384,projekt-detail_540,TU1302,0.2005982197
359,projekt-detail_1258,TD1001,0.2005650659
338,projekt-detail_1238,IS1306,0.2005511312
90,projekt-detail_095,ES0803,0.1992883524
484,projekt-detail_1379,IS0703,0.1990608393
1240,projekt-detail_385,IS1202,0.1989748096
110,projekt-detail_1017,IS0907,0.1988257597
1086,projekt-detail_226,FA1307,0.1988110743
1449,projekt-detail_611,FP1405,0.1985637866
1674,projekt-detail_864,IS0906,0.198437174
1006,projekt-detail_1881,MP1208,0.198390459
1098,projekt-detail_238,ES1408,0.19838996
154,projekt-detail_1058,IC0702,0.1978945218
1117,projekt-detail_257,TU1408,0.1976158029
391,projekt-detail_1289,ES1005,0.197543345
198,projekt-detail_1100,IS0602,0.1968433959
718,projekt-detail_1609,TU1002,0.1968077929
221,projekt-detail_1122,IS0804,0.1966821843
1328,projekt-detail_480,IC1002,0.1966630002
1447,projekt-detail_609,IC1201,0.1964227216
564,projekt-detail_1458,TU1105,0.1962599941
1062,projekt-detail_200,CM1404,0.1960504455
1317,projekt-detail_468,FA1305,0.1959342835
169,projekt-detail_1071,TU0905,0.1958275257
91,projekt-detail_096,TU1401,0.195774869
1345,projekt-detail_500,TU0701,0.1955789679
967,projekt-detail_1844,TU0903,0.1955329024
1708,projekt-detail_899,IS0605,0.1954331015
1352,projekt-detail_507,TU1204,0.1951265367
1192,projekt-detail_335,FA1208,0.195015914
126,projekt-detail_1031,IS1101,0.1949996802
1157,projekt-detail_298,ES1002,0.1948226796
1510,projekt-detail_678,IC0701,0.1945474832
1802,projekt-detail,ES1104,0.1943043423
1082,projekt-detail_221,ES0805,0.1936000446
1187,projekt-detail_330,BM0906,0.1932392063
438,projekt-detail_1336,FP1104,0.1931230089
1081,projekt-detail_220,TU1304,0.1929589701
622,projekt-detail_1511,IC1207,0.1927033739
1396,projekt-detail_552,BM1004,0.1922913386
841,projekt-detail_1726,IS1306,0.1920468754
1158,projekt-detail_299,IC0801,0.1920306317
1033,projekt-detail_1907,TD1006,0.1919140254
999,projekt-detail_1874,IS1404,0.1917638019
349,projekt-detail_1248,FA1202,0.1916665998
1275,projekt-detail_421,FA1002,0.1916139594
1710,projekt-detail_901,ES1201,0.1916026662
1709,projekt-detail_900,ES1201,0.1916026662
506,projekt-detail_1400,IS0602,0.1913956953
970,projekt-detail_1847,FP1104,0.1910655697
1034,projekt-detail_1908,TD1005,0.1905049738
1440,projekt-detail_602,IS1202,0.189970784
415,projekt-detail_1314,FA0906,0.1898992884
1196,projekt-detail_339,CM1304,0.189669909
894,projekt-detail_1775,TU1209,0.1896475477
1210,projekt-detail_354,IS1007,0.1895446051
1229,projekt-detail_373,FA0906,0.1895292959
1106,projekt-detail_246,TU1401,0.1894125143
617,projekt-detail_1507,MP1002,0.1884680044
1712,projekt-detail_903,IS0703,0.1878883883
174,projekt-detail_1076,FA0601,0.1878434496
1737,projekt-detail_931,FP0802,0.1875659243
1611,projekt-detail_790,IS0906,0.1874332749
1742,projekt-detail_936,IS1004,0.1873600465
587,projekt-detail_1479,BM1406,0.1871283813
1217,projekt-detail_361,TU1405,0.1867114606
1448,projekt-detail_610,TU1105,0.1864467315
525,projekt-detail_141,FP1206,0.1863909
739,projekt-detail_1628,IS0906,0.1863358742
1416,projekt-detail_573,IS0605,0.1862604984
1155,projekt-detail_296,CM1005,0.1862561585
60,projekt-detail_065,TU0804,0.1862473409
482,projekt-detail_1377,IC1207,0.1859997622
850,projekt-detail_1734,FA1005,0.1858658833
530,projekt-detail_1425,TU1004,0.1857273329
933,projekt-detail_1812,IC0803,0.1850314714
392,projekt-detail_128,IC1304,0.1846286089
990,projekt-detail_1866,IC1207,0.1844072082
1409,projekt-detail_566,ES1404,0.1842526478
1792,projekt-detail_990,BM1007,0.1841983762
1528,projekt-detail_699,IS0906,0.1841049023
1236,projekt-detail_380,TD1006,0.1840959267
45,projekt-detail_050,TU1204,0.183722346
1332,projekt-detail_484,IS1106,0.183665008
1369,projekt-detail_525,CM1005,0.1834006577
122,projekt-detail_1028,IS0602,0.1830113935
797,projekt-detail_1684,TU1105,0.1828531817
1089,projekt-detail_229,TU0905,0.1828518766
1600,projekt-detail_776,IC0901,0.1827396042
1234,projekt-detail_378,BM1103,0.1827334429
675,projekt-detail_1568,IC1207,0.1824277997
888,projekt-detail_176,TU0702,0.182408931
179,projekt-detail_1080,FA1001,0.1823809486
1707,projekt-detail_898,MP1106,0.1822670257
527,projekt-detail_1421,IS1409,0.1822281535
788,projekt-detail_1675,IS0906,0.1820510808
529,projekt-detail_1424,BM1406,0.1819753078
167,projekt-detail_106,IC1207,0.1819418792
540,projekt-detail_1434,IS1202,0.1819338773
737,projekt-detail_1626,IS0906,0.1818972584
692,projekt-detail_1583,FP0603,0.1816390606
328,projekt-detail_1228,IS0603,0.1816273519
56,projekt-detail_061,IC1302,0.1814368655
1215,projekt-detail_359,TU0702,0.1813289989
926,projekt-detail_1805,ES0804,0.1812653593
1793,projekt-detail_991,CM0902,0.181195601
546,projekt-detail_143,TD1001,0.1810315457
1070,projekt-detail_208,IC1302,0.1809263134
1508,projekt-detail_676,IS1202,0.1809204248
1460,projekt-detail_622,TU0903,0.180552094
784,projekt-detail_1671,IC1002,0.1800359731
1373,projekt-detail_529,TD1203,0.1797648105
1672,projekt-detail_862,BM0605,0.1797027685
898,projekt-detail_1779,TU1105,0.1795942835
1084,projekt-detail_223,IC1302,0.1795000397
1056,projekt-detail_194,IS1204,0.1794468702
1050,projekt-detail_1923,TU0903,0.1793609186
1714,projekt-detail_905,IS1007,0.1791486742
686,projekt-detail_1578,IS1306,0.1791028329
600,projekt-detail_1490,IS1406,0.1784447957
984,projekt-detail_185,FA1407,0.1782637277
533,projekt-detail_1428,TD1203,0.1776392871
1478,projekt-detail_643,FP0804,0.1775324256
273,projekt-detail_1175,TU1401,0.1772397776
1519,projekt-detail_689,FP1405,0.1771737163
77,projekt-detail_082,BM0704,0.1771219971
868,projekt-detail_1750,TU1201,0.177080098
728,projekt-detail_1618,TU1305,0.1770279651
576,projekt-detail_1469,FP1302,0.1769757474
872,projekt-detail_1754,FA1006,0.1766316629
1666,projekt-detail_854,TD1005,0.1765063867
897,projekt-detail_1778,TU0903,0.1764978638
905,projekt-detail_1785,BM0906,0.1757871169
1310,projekt-detail_461,TU1302,0.1752071928
1123,projekt-detail_263,TU1204,0.1751724891
1012,projekt-detail_1887,ES0602,0.1749682495
1721,projekt-detail_912,IS1302,0.1746037262
758,projekt-detail_1647,MP1002,0.174249949
1788,projekt-detail_986,IS0902,0.1740515813
476,projekt-detail_1371,IS0703,0.1739491185
1594,projekt-detail_770,CM0801,0.173833505
884,projekt-detail_1766,IC1304,0.1737733327
641,projekt-detail_1529,MP1002,0.173702992
1646,projekt-detail_834,IC1207,0.1736800836
316,projekt-detail_1216,TU1401,0.1736002604
824,projekt-detail_170,FA1006,0.1735527209
853,projekt-detail_1737,IS0605,0.173362138
1092,projekt-detail_232,IS1007,0.1732783859
1516,projekt-detail_686,IS1006,0.1732115877
1286,projekt-detail_433,IS0604,0.1731530488
260,projekt-detail_1162,IS1406,0.1730736859
1765,projekt-detail_960,MP1306,0.1729255351
750,projekt-detail_1639,TD1006,0.1728852705
776,projekt-detail_1663,IS1004,0.1728428387
535,projekt-detail_142,IS1406,0.1726051007
103,projekt-detail_100,IC0901,0.1726047869
411,projekt-detail_130,TD1205,0.1725420722
1283,projekt-detail_430,TD1201,0.1719849339
248,projekt-detail_114,BM1106,0.1716371325
1162,projekt-detail_303,TD0801,0.1715811077
1610,projekt-detail_789,MP1106,0.1715450723
367,projekt-detail_1265,IS1306,0.1713497498
1163,projekt-detail_304,BM0906,0.1713139185
263,projekt-detail_1165,TU0804,0.1712559776
961,projekt-detail_1839,TU0903,0.1712467126
1415,projekt-detail_572,IS0605,0.1711849646
336,projekt-detail_1236,FA1405,0.1709067044
1579,projekt-detail_754,BM1308,0.1706351592
265,projekt-detail_1167,IS1007,0.1705641531
33,projekt-detail_037,IC0806,0.1704659385
1741,projekt-detail_935,IS1406,0.170321392
75,projekt-detail_080,IS0804,0.1703191779
1015,projekt-detail_188,FP0902,0.170282005
1267,projekt-detail_412,IS1302,0.1701560867
1002,projekt-detail_1877,IC1304,0.1695858458
259,projekt-detail_1161,ES0604,0.169427322
1791,projekt-detail_989,ES0803,0.1693902568
1441,projekt-detail_603,BM1101,0.1693529695
1778,projekt-detail_976,ES1105,0.1693423122
1604,projekt-detail_780,ES1305,0.1692811388
1654,projekt-detail_842,FA1005,0.1691742704
171,projekt-detail_1073,IS1308,0.1690674458
802,projekt-detail_1689,IS0801,0.1689130373
628,projekt-detail_1517,MP1209,0.1687904612
409,projekt-detail_1308,TD1005,0.1686092668
1631,projekt-detail_817,IC0901,0.1685741426
1690,projekt-detail_881,TU0804,0.1684333924
49,projekt-detail_054,FA0803,0.1684159922
84,projekt-detail_089,IC0602,0.1683735805
996,projekt-detail_1871,IS0903,0.1682651836
952,projekt-detail_1830,TU0903,0.1682158158
1203,projekt-detail_346,TU1204,0.1681038448
206,projekt-detail_1108,IS1007,0.1678824703
389,projekt-detail_1287,IS0602,0.1678733088
1340,projekt-detail_493,FP0804,0.1678153831
667,projekt-detail_1560,IS1306,0.1677533268
998,projekt-detail_1873,IS1409,0.1677354354
1266,projekt-detail_411,FA1003,0.167669851
323,projekt-detail_1222,CM1005,0.1668363932
709,projekt-detail_1600,IS0902,0.1665826884
1431,projekt-detail_590,TU0801,0.1664548244
1195,projekt-detail_338,TU1201,0.1664028608
1651,projekt-detail_839,ES0803,0.1662001933
11,projekt-detail_012,FA1208,0.1661578103
877,projekt-detail_175,TD1106,0.1656403821
515,projekt-detail_1410,TU0702,0.1655775475
1254,projekt-detail_399,IC0902,0.165501592
1077,projekt-detail_216,FA1105,0.1652963008
22,projekt-detail_025,TD1006,0.164897774
519,projekt-detail_1414,IS1406,0.1648420881
1233,projekt-detail_377,IS0603,0.1646524012
1320,projekt-detail_472,TD1001,0.1644787768
1116,projekt-detail_256,IS0906,0.1643829795
896,projekt-detail_1777,FP1302,0.1643450152
684,projekt-detail_1576,BM1308,0.1643017823
1054,projekt-detail_192,BM1301,0.1637928578
1759,projekt-detail_953,ES1202,0.1636891258
185,projekt-detail_1087,FP1207,0.1636027596
1079,projekt-detail_218,FA0605,0.1635883274
57,projekt-detail_062,CM1005,0.1633737479
1060,projekt-detail_198,TU1401,0.1631729836
238,projekt-detail_113,ES1104,0.1631615982
1464,projekt-detail_627,MP1210,0.1630516685
1061,projekt-detail_199,TU1401,0.1628091699
268,projekt-detail_1170,FP0902,0.1626415044
574,projekt-detail_1467,IC0802,0.1623485609
577,projekt-detail_146,IS0903,0.1621824166
1422,projekt-detail_579,TU1401,0.1621464709
911,projekt-detail_1791,IC0702,0.1617244561
68,projekt-detail_073,TU0603,0.161632833
300,projekt-detail_1201,IC0601,0.1615857979
59,projekt-detail_064,ES1407,0.1615689121
611,projekt-detail_1500,IS1106,0.161379418
878,projekt-detail_1760,TD1210,0.1613645708
676,projekt-detail_1569,IC1207,0.1611129524
465,projekt-detail_1361,TU1401,0.1610693899
1178,projekt-detail_321,IS0605,0.1610064411
748,projekt-detail_1637,TU1201,0.1609787295
1371,projekt-detail_527,IS0902,0.1609666175
789,projekt-detail_1676,BM0605,0.1608522374
104,projekt-detail_1010,BM1205,0.1602920362
1298,projekt-detail_446,TD1201,0.1600808922
1226,projekt-detail_370,FA1006,0.1600130751
1686,projekt-detail_877,FA1001,0.159963584
1524,projekt-detail_695,IS1202,0.1599246408
1612,projekt-detail_792,ES0901,0.1598561903
983,projekt-detail_1859,IS0601,0.159612975
1501,projekt-detail_668,FA1005,0.1595912656
973,projekt-detail_184,IC1304,0.1594253017
630,projekt-detail_1519,IS1207,0.1591835454
96,projekt-detail_1001,TU1201,0.1589169501
1749,projekt-detail_943,IS1204,0.1588897645
962,projekt-detail_183,TU0701,0.1586163978
1676,projekt-detail_866,IS1007,0.1585871628
806,projekt-detail_1692,TD1106,0.1584099745
745,projekt-detail_1634,TU1204,0.1582519019
354,projekt-detail_1253,IC1306,0.1581380821
1671,projekt-detail_861,TU0804,0.1580964409
1337,projekt-detail_490,TD1005,0.1579625248
483,projekt-detail_1378,BM0606,0.1576950502
404,projekt-detail_1302,IS0603,0.1576204482
1313,projekt-detail_464,TD0801,0.1575344569
1312,projekt-detail_463,TD0801,0.1575344569
1252,projekt-detail_397,FA1202,0.157477142
1764,projekt-detail_959,FP0702,0.1574578054
1484,projekt-detail_649,TU0702,0.1573729254
580,projekt-detail_1472,TD0901,0.1573130624
399,projekt-detail_1298,IC0801,0.1571427383
1673,projekt-detail_863,FA1001,0.1570432092
494,projekt-detail_1388,TD1005,0.1569874838
736,projekt-detail_1625,TU1201,0.1568391723
348,projekt-detail_1247,IS0602,0.1564681775
571,projekt-detail_1464,TU0804,0.1564468817
1518,projekt-detail_688,TU0804,0.1564342641
340,projekt-detail_123,IS0906,0.1562087293
549,projekt-detail_1443,IS1106,0.1561469423
1731,projekt-detail_923,IS0605,0.155903884
553,projekt-detail_1447,TU0804,0.1557219419
979,projekt-detail_1855,IC0901,0.1554258985
12,projekt-detail_013,CM1407,0.1553619703
1150,projekt-detail_290,IC0804,0.1553431476
1704,projekt-detail_895,TU0701,0.1553052347
160,projekt-detail_1063,TU1305,0.1553040335
468,projekt-detail_1364,TU1002,0.155247503
734,projekt-detail_1623,FP1206,0.1550631519
448,projekt-detail_1345,TD1001,0.1550543791
1260,projekt-detail_405,CM1004,0.1548247301
383,projekt-detail_1280,TU1204,0.1548090527
280,projekt-detail_1181,BM1308,0.1544668872
1290,projekt-detail_437,IS1406,0.1542193411
1398,projekt-detail_554,TD1005,0.1540990542
885,projekt-detail_1767,IS0602,0.1536948143
443,projekt-detail_1340,ES0802,0.1536656262
1261,projekt-detail_406,BM1207,0.1535475844
1414,projekt-detail_571,TU1002,0.1534423399
477,projekt-detail_1372,IS0703,0.1533955825
880,projekt-detail_1762,FP1006,0.1532916456
1364,projekt-detail_520,IS0702,0.1532105887
461,projekt-detail_1358,CM1106,0.1532070207
765,projekt-detail_1653,FP1004,0.1527682623
1603,projekt-detail_779,TD1005,0.1527578641
640,projekt-detail_1528,IS1202,0.1526239124
194,projekt-detail_1096,TU1401,0.1525114996
228,projekt-detail_1129,FA1305,0.1523725307
1068,projekt-detail_206,FP1104,0.1523181942
838,projekt-detail_1722,TU0804,0.152251976
1403,projekt-detail_560,IS1308,0.1521095087
129,projekt-detail_1034,TU0802,0.1519030913
253,projekt-detail_1156,ES1406,0.1516998582
245,projekt-detail_1146,TU1204,0.1516769966
217,projekt-detail_1118,IC0801,0.1516768642
79,projekt-detail_084,FA1106,0.1514974263
305,projekt-detail_1206,TU0804,0.1514322254
1584,projekt-detail_759,TD1205,0.1512955351
1243,projekt-detail_388,ES1203,0.151213729
823,projekt-detail_1709,MP1301,0.1511214403
531,projekt-detail_1426,MP1406,0.1510441092
816,projekt-detail_1701,BM1007,0.1509778853
752,projekt-detail_1640,IS1409,0.1509138593
593,projekt-detail_1484,IS1006,0.1508503478
1338,projekt-detail_491,TU1202,0.1508033528
117,projekt-detail_1023,IS1409,0.1507656739
34,projekt-detail_038,TU0804,0.1507276187
912,projekt-detail_1792,TD1006,0.1507229159
1689,projekt-detail_880,IS1410,0.1505891046
639,projekt-detail_1527,BM1007,0.1505582775
1066,projekt-detail_204,IC1304,0.1504254095
1571,projekt-detail_746,ES1202,0.1503670823
1249,projekt-detail_394,TD1005,0.1502684239
722,projekt-detail_1612,TU0903,0.1500582274
390,projekt-detail_1288,FP0804,0.1499083757
352,projekt-detail_1250,IS1409,0.149902328
777,projekt-detail_1664,MP1106,0.1497730301
1300,projekt-detail_449,TD1205,0.1497441635
678,projekt-detail_1570,TD1006,0.1496681946
1575,projekt-detail_750,IC0801,0.1496564256
1010,projekt-detail_1885,BM1007,0.1495725052
864,projekt-detail_1747,TU0804,0.1494166092
762,projekt-detail_1650,MP1305,0.1493923244
1550,projekt-detail_723,ES0803,0.149277822
700,projekt-detail_1591,IS1107,0.1492406114
1222,projekt-detail_366,IS0906,0.1491851217
201,projekt-detail_1103,IS0807,0.1491632443
1325,projekt-detail_477,IC1104,0.1491197505
1296,projekt-detail_444,TD1006,0.149008394
957,projekt-detail_1835,IS1406,0.1490059042
855,projekt-detail_1739,TU1408,0.1489699092
250,projekt-detail_1152,IC1001,0.1489076556
1532,projekt-detail_703,IS1306,0.1487908723
975,projekt-detail_1851,FA0802,0.1487455443
284,projekt-detail_1186,BM0602,0.1487355589
1496,projekt-detail_662,FP1205,0.1486805239
1679,projekt-detail_869,IC0901,0.1486687899
1494,projekt-detail_660,IC0805,0.1486655008
1135,projekt-detail_275,IS1007,0.1486593695
1179,projekt-detail_322,BM0906,0.1486131108
1543,projekt-detail_714,IC1304,0.1484905585
707,projekt-detail_1599,TU0804,0.1483379413
433,projekt-detail_1331,TU0702,0.148320938
798,projekt-detail_1685,CM0801,0.1481872536
651,projekt-detail_1544,TU0804,0.148176768
603,projekt-detail_1493,IC0806,0.1481355551
1014,projekt-detail_1889,IS1409,0.1480995592
589,projekt-detail_1480,IC1304,0.147865787
1751,projekt-detail_945,IS0906,0.1477350019
344,projekt-detail_1243,FP0603,0.1477178644
1322,projekt-detail_474,FP0803,0.1475379255
297,projekt-detail_1199,BM1208,0.1474581831
1693,projekt-detail_884,ES1104,0.1474302276
1438,projekt-detail_600,IC1302,0.1474020183
702,projekt-detail_1593,IC1002,0.1473124291
72,projekt-detail_077,IC0801,0.1471222504
1761,projekt-detail_955,BM1402,0.1470958229
566,projekt-detail_145,IS0605,0.1470810952
1747,projekt-detail_941,IC1206,0.1470025786
760,projekt-detail_1649,FA1308,0.1469317497
258,projekt-detail_1160,FP0802,0.146914089
1662,projekt-detail_850,FP1006,0.1469076451
472,projekt-detail_1368,TU0804,0.1468296471
1688,projekt-detail_879,IS1410,0.1466631158
1253,projekt-detail_398,BM1004,0.146658095
994,projekt-detail_186,IS1406,0.1465742362
223,projekt-detail_1124,TU1204,0.1465294027
269,projekt-detail_1171,TU1204,0.1464063038
629,projekt-detail_1518,IS0902,0.1464022616
1703,projekt-detail_894,IS1406,0.1463851178
497,projekt-detail_1391,TD1005,0.1463649563
70,projekt-detail_075,IS1204,0.146118605
1039,projekt-detail_1912,MP1305,0.1460313755
781,projekt-detail_1668,IS1306,0.1459228903
681,projekt-detail_1573,FA1003,0.1457355832
119,projekt-detail_1025,FA1405,0.1456159644
1265,projekt-detail_410,TU0804,0.1455890757
319,projekt-detail_1219,TU1204,0.1455117025
669,projekt-detail_1562,IS1205,0.1454926083
916,projekt-detail_1796,FP1405,0.1454459676
40,projekt-detail_045,FP1206,0.145415546
1783,projekt-detail_981,BM1301,0.1453639016
1702,projekt-detail_893,IS1406,0.1452904822
496,projekt-detail_138,ES1404,0.1452592371
485,projekt-detail_137,ES1404,0.1452592371
1239,projekt-detail_384,TU0804,0.1451687802
445,projekt-detail_1342,FP1302,0.1451569753
1399,projekt-detail_556,TU1002,0.1451307052
317,projekt-detail_1217,IS0703,0.144698497
992,projekt-detail_1868,IC1201,0.1446787246
210,projekt-detail_1111,ES1406,0.144624468
842,projekt-detail_1727,TU0804,0.1445844264
584,projekt-detail_1476,TU0903,0.1444900058
333,projekt-detail_1233,BM1101,0.1444780219
1166,projekt-detail_307,FA1003,0.1441162621
182,projekt-detail_1083,TU0804,0.1440948764
39,projekt-detail_044,FP1302,0.1440643107
1574,projekt-detail_749,TU1207,0.1436722388
890,projekt-detail_1771,FP1304,0.1435988694
901,projekt-detail_1781,BM0602,0.1435531608
1762,projekt-detail_957,ES0806,0.1435440031
1003,projekt-detail_1879,MP1208,0.1433743673
1715,projekt-detail_906,IC1306,0.1433703757
763,projekt-detail_1651,IS1308,0.1432901001
536,projekt-detail_1430,TD1210,0.1432058847
426,projekt-detail_1325,IC1002,0.1431054289
1627,projekt-detail_812,CM1303,0.1428384158
385,projekt-detail_1283,FP1006,0.1426601856
1583,projekt-detail_758,FP0902,0.1423270601
37,projekt-detail_042,BM0602,0.1422861251
123,projekt-detail_1029,IC0702,0.1421693581
747,projekt-detail_1636,TU0905,0.1420586378
1473,projekt-detail_638,IC0902,0.1420373337
1755,projekt-detail_949,TU1401,0.141919489
1026,projekt-detail_189,ES1309,0.1418379053
470,projekt-detail_1366,IS0906,0.1417078432
602,projekt-detail_1492,TU1002,0.1416308381
1636,projekt-detail_824,IS0902,0.1416239566
1628,projekt-detail_814,IS0902,0.1416239566
1028,projekt-detail_1901,FP1105,0.1416129133
13,projekt-detail_014,TD1005,0.1413864333
53,projekt-detail_058,IS1409,0.1413480086
964,projekt-detail_1841,TD1001,0.1412489181
876,projekt-detail_1759,IC1304,0.1411796346
1299,projekt-detail_447,BM0606,0.141170951
951,projekt-detail_182,TD1207,0.1411123786
99,projekt-detail_1006,FA1303,0.1411062865
395,projekt-detail_1292,IS1006,0.140919333
1401,projekt-detail_558,IS1106,0.1405774408
1031,projekt-detail_1904,TU1406,0.1405435449
637,projekt-detail_1525,TU0701,0.1404784967
1101,projekt-detail_241,FP1006,0.140307425
1100,projekt-detail_240,FP1006,0.140307425
441,projekt-detail_1339,IC1002,0.1403037011
510,projekt-detail_1405,IS0801,0.1400958125
790,projekt-detail_1678,TU0804,0.139914818
463,projekt-detail_135,IS0902,0.1398815093
462,projekt-detail_1359,FP1303,0.1398329384
252,projekt-detail_1154,IC0805,0.1398011869
523,projekt-detail_1418,IS0704,0.1397221196
522,projekt-detail_1417,IS0704,0.1397221196
1692,projekt-detail_883,IS0906,0.1396566178
1370,projekt-detail_526,IS0907,0.1396357447
1605,projekt-detail_781,FA1103,0.1394749423
1735,projekt-detail_927,TU0804,0.1394453384
1305,projekt-detail_455,ES1305,0.1394037363
1652,projekt-detail_840,TD1001,0.1392716322
146,projekt-detail_104,TU1401,0.1392107407
939,projekt-detail_1818,MP1405,0.1392034031
236,projekt-detail_1137,IS0703,0.1388195635
58,projekt-detail_063,TU1405,0.1387851929
140,projekt-detail_1044,IS0901,0.1386979306
222,projekt-detail_1123,MP1305,0.1386803673
498,projekt-detail_1392,ES1006,0.1385300408
421,projekt-detail_1320,TU0804,0.1385220633
942,projekt-detail_1820,IS1007,0.1384915951
1395,projekt-detail_551,IC1302,0.1384495615
1380,projekt-detail_536,FA0601,0.1383443376
1171,projekt-detail_313,IS0603,0.1381773683
116,projekt-detail_1022,IS1302,0.1381213828
764,projekt-detail_1652,FP1405,0.1381150282
1159,projekt-detail_300,IS1207,0.1378730227
796,projekt-detail_1683,IC1202,0.1378297003
1554,projekt-detail_727,IS0906,0.1378036677
513,projekt-detail_1408,FA0802,0.1377691461
1181,projekt-detail_324,CM1005,0.137713958
673,projekt-detail_1566,TU1207,0.1376286461
1538,projekt-detail_709,MP1208,0.1376236464
1768,projekt-detail_964,IC1304,0.137267974
1620,projekt-detail_803,FA0907,0.1372160154
1586,projekt-detail_761,IC0701,0.1371948213
1218,projekt-detail_362,IS1408,0.1371509822
332,projekt-detail_1231,CM1001,0.1371050766
579,projekt-detail_1471,IC0602,0.136996888
569,projekt-detail_1462,FA1403,0.1369602619
586,projekt-detail_1478,FA1006,0.1368413245
460,projekt-detail_1357,ES1201,0.1367493549
968,projekt-detail_1845,IS1404,0.1367438654
1497,projekt-detail_664,IS0906,0.1366698848
1271,projekt-detail_417,IS0906,0.1366698848
1567,projekt-detail_742,TD1205,0.1366054637
111,projekt-detail_1018,FA0601,0.1363379375
1677,projekt-detail_867,IS1409,0.1362629518
542,projekt-detail_1436,TU0701,0.1360763277
1596,projekt-detail_772,BM1205,0.136040703
180,projekt-detail_1081,FA1006,0.1358340822
662,projekt-detail_1556,TU0804,0.1358051237
805,projekt-detail_1691,IS1002,0.1357744824
1336,projekt-detail_489,TU0804,0.1357336646
909,projekt-detail_1789,CM0801,0.1356057906
153,projekt-detail_1057,TU0804,0.1354857142
767,projekt-detail_1655,IS1002,0.1352480538
436,projekt-detail_1334,TU0804,0.135237264
1138,projekt-detail_278,IC1304,0.1349266893
501,projekt-detail_1395,TU1002,0.1348676853
1547,projekt-detail_720,TU1401,0.1343669125
532,projekt-detail_1427,TU0904,0.1342652008
782,projekt-detail_1669,IS0801,0.1342554029
634,projekt-detail_1522,TU1305,0.1340580896
1315,projekt-detail_466,ES1002,0.1339526194
1454,projekt-detail_616,ES0803,0.1338312881
1504,projekt-detail_672,IS1405,0.1337475158
1729,projekt-detail_920,TU1405,0.1336935361
757,projekt-detail_1646,IS0704,0.1335598711
215,projekt-detail_1116,BM0804,0.1335101001
1004,projekt-detail_187,FP1002,0.1335017202
642,projekt-detail_152,TU1401,0.1334962613
113,projekt-detail_101,ES1104,0.1333898022
80,projekt-detail_085,IC1304,0.1333391987
1541,projekt-detail_712,IC1306,0.1332700291
815,projekt-detail_1700,ES0601,0.1332009041
281,projekt-detail_1182,MP1105,0.1329715128
264,projekt-detail_1166,IS0902,0.1327492703
656,projekt-detail_1550,IC1201,0.1327464818
1339,projekt-detail_492,BM0905,0.132704044
780,projekt-detail_1667,TU0903,0.1322888258
547,projekt-detail_1441,IC1408,0.1321946969
101,projekt-detail_1008,FA1006,0.1321355981
1790,projekt-detail_988,ES1205,0.1320366057
302,projekt-detail_1203,IC0806,0.1320330893
218,projekt-detail_1119,IS1204,0.1320105444
1595,projekt-detail_771,TD1101,0.132005679
980,projekt-detail_1856,IS1004,0.1319967684
427,projekt-detail_1326,MP1210,0.1319769596
144,projekt-detail_1048,TU0802,0.1318072506
1045,projekt-detail_1919,IS1207,0.1317265319
298,projekt-detail_119,TD1202,0.13167839
573,projekt-detail_1466,TU1204,0.1315770382
51,projekt-detail_056,IS0603,0.1315226928
1428,projekt-detail_586,TU0903,0.1311514019
1753,projekt-detail_947,IS0906,0.1308963146
241,projekt-detail_1142,IC1201,0.1307044357
1088,projekt-detail_228,IS0605,0.1304793858
1767,projekt-detail_963,TU1002,0.1304648773
1105,projekt-detail_245,IS0903,0.130369394
1670,projekt-detail_860,IS0605,0.1302029195
857,projekt-detail_1740,TU0602,0.1301369643
635,projekt-detail_1523,TD1005,0.1299584625
1615,projekt-detail_797,MP1106,0.1299497092
1585,projekt-detail_760,IS1007,0.12991185
545,projekt-detail_1439,IS1409,0.1298415862
346,projekt-detail_1245,TU1406,0.1297809572
1630,projekt-detail_816,TU1204,0.1297014056
1408,projekt-detail_565,FA1405,0.1294905024
1319,projekt-detail_471,IC0701,0.1294802332
670,projekt-detail_1563,FP1206,0.129460725
502,projekt-detail_1396,BM0602,0.1294211429
1294,projekt-detail_442,TU0903,0.1291841494
691,projekt-detail_1582,TU0804,0.1290860875
755,projekt-detail_1644,TU1204,0.128980149
1258,projekt-detail_403,IS0605,0.1289733258
353,projekt-detail_1251,ES0901,0.1289539086
244,projekt-detail_1145,FA1402,0.1289080457
585,projekt-detail_1477,IS1303,0.1288283297
1669,projekt-detail_859,TU0804,0.1287734685
337,projekt-detail_1237,TU0802,0.1287210803
1001,projekt-detail_1876,IC1304,0.1286084403
152,projekt-detail_1056,IS0703,0.1285361039
127,projekt-detail_1032,IS0901,0.1284367013
717,projekt-detail_1608,FP0804,0.1281645645
1619,projekt-detail_802,IS0902,0.1280298569
859,projekt-detail_1742,TU1207,0.127593703
834,projekt-detail_1719,TU1401,0.1275850232
687,projekt-detail_1579,IS1205,0.127479411
803,projekt-detail_168,FA1001,0.1274481639
833,projekt-detail_1718,TU0903,0.1274470317
134,projekt-detail_1039,IS1302,0.1274323623
1030,projekt-detail_1903,FP1205,0.127252508
266,projekt-detail_1168,TD1106,0.1272472308
1780,projekt-detail_978,IS1409,0.1271979694
615,projekt-detail_1504,FA1002,0.1271586317
986,projekt-detail_1861,IC1207,0.1271480825
29,projekt-detail_033,TU1401,0.1271183215
1763,projekt-detail_958,CM1404,0.1270952929
1507,projekt-detail_675,ES1202,0.1270643609
688,projekt-detail_157,IS0906,0.1269591878
1372,projekt-detail_528,IS1310,0.1268661671
895,projekt-detail_1776,FP1204,0.126846768
610,projekt-detail_149,IC1103,0.1267858957
178,projekt-detail_107,TD1106,0.1266321063
418,projekt-detail_1318,FP1002,0.1265485479
862,projekt-detail_1745,ES1201,0.1262101224
357,projekt-detail_1256,ES1005,0.1259879858
627,projekt-detail_1516,FP1105,0.125975791
1040,projekt-detail_1913,IS0903,0.1257891756
1569,projekt-detail_744,IS0907,0.1256751842
1565,projekt-detail_740,IS1106,0.1256330515
900,projekt-detail_1780,ES0805,0.1254568601
1647,projekt-detail_835,ES1004,0.1254383499
1127,projekt-detail_267,IS0907,0.1254039883
664,projekt-detail_1558,ES1006,0.1253276819
1482,projekt-detail_647,FA1006,0.1253061319
1450,projekt-detail_612,IC1201,0.1252995262
1794,projekt-detail_992,TD1106,0.1251108941
954,projekt-detail_1832,MP1301,0.12498629
216,projekt-detail_1117,TD1201,0.1249031067
821,projekt-detail_1707,FP1304,0.1248905349
15,projekt-detail_016,IS0602,0.1248827754
1049,projekt-detail_1922,IS1406,0.12474193
1434,projekt-detail_594,IC1302,0.1245746998
1334,projekt-detail_486,FA0802,0.1244830556
869,projekt-detail_1751,TU1201,0.1244777289
1506,projekt-detail_674,CM1307,0.1243346071
596,projekt-detail_1487,IS1007,0.1243206397
478,projekt-detail_1373,IS0602,0.1242317143
240,projekt-detail_1141,ES0601,0.1241239489
537,projekt-detail_1431,TU0701,0.1240081033
1468,projekt-detail_633,IS1007,0.1237340614
1251,projekt-detail_396,BM1402,0.1234952229
480,projekt-detail_1375,MP1208,0.1234293859
173,projekt-detail_1075,TU1401,0.1234125784
769,projekt-detail_1657,IC1204,0.1233479493
102,projekt-detail_1009,IS0703,0.1233187134
887,projekt-detail_1769,TU1004,0.1232747216
1795,projekt-detail_993,IS0903,0.1231925173
665,projekt-detail_1559,CM0804,0.1230825585
199,projekt-detail_1101,IC0702,0.1228986276
139,projekt-detail_1043,CM1404,0.1226326068
1617,projekt-detail_800,IC1202,0.1225856691
1668,projekt-detail_858,IS1406,0.1224534604
854,projekt-detail_1738,TU0804,0.1224480773
1170,projekt-detail_312,ES1004,0.122413446
403,projekt-detail_1301,TU1207,0.1223860041
1011,projekt-detail_1886,BM0602,0.1223578777
1432,projekt-detail_591,IC1206,0.1221808137
1379,projekt-detail_535,MP1208,0.1220955584
226,projekt-detail_1127,IS1306,0.1220045365
1781,projekt-detail_979,IS1306,0.1219188759
1723,projekt-detail_914,MP0806,0.121905681
594,projekt-detail_1485,IC1408,0.1218340434
773,projekt-detail_1660,IC0701,0.121755555
740,projekt-detail_1629,FP1304,0.1217402128
451,projekt-detail_1348,TU1306,0.1217342558
459,projekt-detail_1356,IS0906,0.1216611308
1093,projekt-detail_233,IS1308,0.121620733
1770,projekt-detail_966,IS0903,0.1215665379
652,projekt-detail_1546,IS1205,0.121350729
1436,projekt-detail_596,IC0602,0.1213358714
351,projekt-detail_124,FA0601,0.1212977727
1397,projekt-detail_553,TU0701,0.1211229176
481,projekt-detail_1376,TU1004,0.1210663534
276,projekt-detail_1178,MP0902,0.1209518061
1270,projekt-detail_416,IS0906,0.1208706325
1500,projekt-detail_667,IS0605,0.1205791438
1535,projekt-detail_706,IC0804,0.1205525749
1798,projekt-detail_996,IS1204,0.1205200545
609,projekt-detail_1499,IS0907,0.1204965305
1301,projekt-detail_450,IC1207,0.1201204087
377,projekt-detail_1275,IS0605,0.1201065772
386,projekt-detail_1284,TU0804,0.1200867336
1551,projekt-detail_724,TU0804,0.1198523413
826,projekt-detail_1711,IS0703,0.1197921728
1453,projekt-detail_615,IC1407,0.1197688425
1563,projekt-detail_738,ES1201,0.1197488242
4,projekt-detail_005,IC0902,0.1196357892
1306,projekt-detail_456,IC1003,0.1196141192
1609,projekt-detail_788,FP1302,0.1196042038
329,projekt-detail_1229,TU1209,0.1194130894
875,projekt-detail_1758,FA0601,0.1193725101
552,projekt-detail_1446,IS0906,0.1193357899
1477,projekt-detail_642,IS0605,0.1192813851
977,projekt-detail_1853,IS1409,0.1192655218
1443,projekt-detail_605,FP1206,0.119158026
1691,projekt-detail_882,IS0902,0.1191080093
1682,projekt-detail_872,FP0603,0.1191018007
863,projekt-detail_1746,BM1307,0.119023783
233,projekt-detail_1133,TU1201,0.1190216193
85,projekt-detail_090,IS0605,0.119001604
231,projekt-detail_1131,FP1006,0.1189293983
1642,projekt-detail_830,IS0702,0.1188049013
364,projekt-detail_1262,IS0602,0.1186593411
55,projekt-detail_060,TU0602,0.1184535759
299,projekt-detail_1200,CM1404,0.1183601371
870,projekt-detail_1752,IS0704,0.1182343713
1797,projekt-detail_995,TD1004,0.1181835785
1771,projekt-detail_967,TD1004,0.1181835785
100,projekt-detail_1007,IS1409,0.1181645993
1439,projekt-detail_601,FP1104,0.1181590608
1419,projekt-detail_576,BM1208,0.1181439793
1005,projekt-detail_1880,IC1407,0.1181091127
655,projekt-detail_154,IC0604,0.118106381
1658,projekt-detail_846,IS0605,0.1180759308
106,projekt-detail_1012,TU0702,0.1180407912
1726,projekt-detail_917,TD1207,0.1177366779
1576,projekt-detail_751,IS1404,0.1176194207
831,projekt-detail_1716,TU0802,0.117255842
456,projekt-detail_1353,IS1208,0.1172465442
783,projekt-detail_166,FP0902,0.1172005267
25,projekt-detail_028,FA1204,0.1168421652
132,projekt-detail_1037,TU1204,0.1168264781
715,projekt-detail_1606,TU0804,0.1167708158
1212,projekt-detail_356,TU0702,0.1167232103
1205,projekt-detail_348,IS0605,0.1166998747
170,projekt-detail_1072,IS0901,0.1166886532
1557,projekt-detail_731,IS1102,0.1166885939
689,projekt-detail_1580,IS0801,0.1166693838
1348,projekt-detail_503,FP1302,0.1166292271
86,projekt-detail_091,BM0903,0.116628004
804,projekt-detail_1690,TU1302,0.1165767769
1740,projekt-detail_934,BM0606,0.1165702489
73,projekt-detail_078,FA1001,0.1165471159
402,projekt-detail_1300,TU0804,0.1164785879
721,projekt-detail_1611,IS0603,0.1163122627
1047,projekt-detail_1920,TU0804,0.116240836
1009,projekt-detail_1884,IC0702,0.1162326089
379,projekt-detail_1277,IS0703,0.116215608
725,projekt-detail_1615,CM0804,0.1161348234
1130,projekt-detail_270,ES0903,0.1159948408
227,projekt-detail_1128,TU1204,0.1159101083
378,projekt-detail_1276,IC1002,0.1157753269
1228,projekt-detail_372,TU1207,0.1156603569
1582,projekt-detail_757,IS1308,0.1156293617
1282,projekt-detail_429,IS0906,0.115628945
658,projekt-detail_1552,FA0806,0.1156163197
188,projekt-detail_1090,FP0804,0.1155878446
1035,projekt-detail_1909,MP1301,0.1155808169
1779,projekt-detail_977,ES1004,0.1155744583
444,projekt-detail_1341,IC0901,0.1155392926
1602,projekt-detail_778,IS1406,0.1154785243
115,projekt-detail_1021,BM1101,0.1154697338
1225,projekt-detail_369,TU0802,0.1154128886
1626,projekt-detail_809,FP1003,0.1153818214
1787,projekt-detail_985,IS1007,0.1152560662
1598,projekt-detail_774,CM0805,0.1151288997
320,projekt-detail_121,BM1004,0.1150103652
504,projekt-detail_1399,BM1106,0.1148724993
1180,projekt-detail_323,TU1406,0.1148471723
471,projekt-detail_1367,IS0902,0.1148462454
156,projekt-detail_105,MP1101,0.11484449
293,projekt-detail_1195,FP1407,0.1147728767
1522,projekt-detail_693,TU1104,0.1147634507
1292,projekt-detail_439,IS1204,0.1146974073
606,projekt-detail_1496,IS0703,0.1145371848
1573,projekt-detail_748,FA1006,0.114506163
147,projekt-detail_1050,IS0605,0.1143813013
1639,projekt-detail_827,IS1004,0.1142667106
839,projekt-detail_1724,FP0901,0.114171979
1455,projekt-detail_617,CM0804,0.1141571192
659,projekt-detail_1553,IC1103,0.1141304047
109,projekt-detail_1016,IS0603,0.1141013269
159,projekt-detail_1062,TD1210,0.1140387788
708,projekt-detail_159,IS1204,0.1139806977
819,projekt-detail_1705,BM1406,0.1139574082
32,projekt-detail_036,BM1407,0.1138780928
1694,projekt-detail_885,ES1201,0.1138576823
1503,projekt-detail_670,FP1201,0.1138451895
19,projekt-detail_021,IC1304,0.1138435101
1513,projekt-detail_681,IC1207,0.1137576083
373,projekt-detail_1270,FP0804,0.113746108
934,projekt-detail_1813,IS1202,0.1136555167
255,projekt-detail_1158,IS1302,0.113530222
924,projekt-detail_1803,IS0703,0.1135234491
1115,projekt-detail_255,IC1408,0.1135174013
1297,projekt-detail_445,IS0903,0.1135040268
434,projekt-detail_1332,FP0804,0.1132106808
1592,projekt-detail_767,BM1308,0.1131492009
969,projekt-detail_1846,TU0804,0.113121845
82,projekt-detail_087,TU1202,0.1130660402
1486,projekt-detail_651,ES1305,0.113013343
114,projekt-detail_1020,IC0901,0.112943103
1177,projekt-detail_320,IC0604,0.1129093108
157,projekt-detail_1060,TD1203,0.1125165302
1766,projekt-detail_962,IS1406,0.1123809312
1746,projekt-detail_940,BM1208,0.1123115507
947,projekt-detail_1825,MP1305,0.1122800101
1186,projekt-detail_329,MP1305,0.112145744
1461,projekt-detail_623,IS0605,0.1121430884
1042,projekt-detail_1915,TU1401,0.1121141376
283,projekt-detail_1185,TU1104,0.1120589823
674,projekt-detail_1567,IC0604,0.1120047478
771,projekt-detail_1659,FP1405,0.1120038342
334,projekt-detail_1234,TU0904,0.1119282835
985,projekt-detail_1860,IS0605,0.1119227656
78,projekt-detail_083,TD1106,0.1118760437
539,projekt-detail_1433,FA1306,0.1118245202
203,projekt-detail_1105,FP1303,0.1118088192
1413,projekt-detail_570,FA1405,0.1117113532
829,projekt-detail_1714,FP1003,0.1116019485
1183,projekt-detail_326,TU1002,0.1114408876
1489,projekt-detail_655,FP0901,0.1114253527
1194,projekt-detail_337,BM1104,0.1112654977
1358,projekt-detail_513,MP1402,0.1112324461
437,projekt-detail_1335,BM1307,0.1110799341
714,projekt-detail_1605,TU0702,0.1110515471
1281,projekt-detail_428,IS1102,0.1109691651
946,projekt-detail_1824,IS1306,0.1107813345
944,projekt-detail_1822,MP1401,0.1107705439
1059,projekt-detail_197,IC0806,0.1107219043
544,projekt-detail_1438,IS0906,0.1107124762
1224,projekt-detail_368,TU0602,0.11059529
703,projekt-detail_1594,TU1306,0.1105243192
679,projekt-detail_1571,IS1207,0.1104808934
1491,projekt-detail_657,IS0603,0.1104505782
1176,projekt-detail_319,MP1306,0.110329912
495,projekt-detail_1389,MP1208,0.1102979026
161,projekt-detail_1064,IS0906,0.1101133293
131,projekt-detail_1036,IS0603,0.1099446733
16,projekt-detail_017,ES1406,0.1099377415
993,projekt-detail_1869,TD1001,0.1098829314
335,projekt-detail_1235,IS0603,0.1098307225
369,projekt-detail_1267,IS0605,0.1096912636
28,projekt-detail_032,MP1208,0.1096264694
1388,projekt-detail_544,IC1201,0.1096079716
1469,projekt-detail_634,CM0805,0.109566211
1566,projekt-detail_741,FP0903,0.1095511248
786,projekt-detail_1673,TU0905,0.1094978809
376,projekt-detail_1274,IC1304,0.109374745
475,projekt-detail_1370,IC1304,0.1091813688
921,projekt-detail_1800,IS0605,0.1090963326
393,projekt-detail_1290,ES0901,0.1090423883
271,projekt-detail_1173,TU1406,0.1090097519
726,projekt-detail_1616,ES0803,0.1089142276
1390,projekt-detail_546,IS0801,0.1087365102
396,projekt-detail_1293,IS0602,0.1086939757
1426,projekt-detail_583,TU1302,0.1086179434
1700,projekt-detail_891,IS1106,0.1084915353
469,projekt-detail_1365,IS1301,0.1084909408
412,projekt-detail_1310,IS0603,0.1084746182
145,projekt-detail_1049,TU0804,0.1084412073
1629,projekt-detail_815,BM1402,0.1083663662
1424,projekt-detail_581,MP1106,0.1083400626
31,projekt-detail_035,IC0804,0.1082800578
311,projekt-detail_1211,TU1306,0.1082554891
137,projekt-detail_1041,IS0903,0.1082299857
287,projekt-detail_1189,IS0907,0.1081802656
1167,projekt-detail_308,IS1409,0.1081521041
653,projekt-detail_1548,ES1308,0.1081159581
1632,projekt-detail_818,IC1408,0.1080717582
1470,projekt-detail_635,IS0903,0.1080681601
865,projekt-detail_1748,TD1006,0.1079976638
1022,projekt-detail_1896,IC1407,0.1079388394
1016,projekt-detail_1890,MP0902,0.1077573588
270,projekt-detail_1172,TD1303,0.1076806796
756,projekt-detail_1645,IS0906,0.1076299267
1046,projekt-detail_191,ES1202,0.107589373
930,projekt-detail_180,ES1405,0.107496703
761,projekt-detail_164,ES0801,0.1074347157
1214,projekt-detail_358,TU0602,0.1073795763
1635,projekt-detail_823,IS1406,0.1072995575
512,projekt-detail_1407,IS1007,0.1072722633
1546,projekt-detail_719,MP1002,0.107265645
995,projekt-detail_1870,TU1406,0.1072071538
928,projekt-detail_1808,FP1104,0.1071770106
1133,projekt-detail_273,FA0603,0.1071280825
1678,projekt-detail_868,TD1207,0.1069726708
852,projekt-detail_1736,TU1406,0.1069593081
557,projekt-detail_1451,FP1304,0.1068809618
1103,projekt-detail_243,BM0602,0.1067613247
419,projekt-detail_1319,IS1007,0.1065352928
148,projekt-detail_1052,TU0603,0.1063506579
208,projekt-detail_110,BM0607,0.1063175477
149,projekt-detail_1053,IS0603,0.106309614
1331,projekt-detail_483,ES0803,0.1062864521
397,projekt-detail_1295,CM1101,0.1062595729
701,projekt-detail_1592,TU0804,0.106196911
1148,projekt-detail_288,BM1003,0.1058765223
1220,projekt-detail_364,IC1305,0.1057874682
1256,projekt-detail_401,IC0801,0.1057785396
517,projekt-detail_1412,ES1405,0.1055957794
1134,projekt-detail_274,IC0701,0.1055878446
844,projekt-detail_1729,TD0801,0.1055295362
940,projekt-detail_1819,IS1004,0.1054165418
1533,projekt-detail_704,IC1304,0.1054006744
1481,projekt-detail_646,BM1402,0.1053780349
843,projekt-detail_1728,CM1005,0.1053410706
595,projekt-detail_1486,IC0803,0.1053163111
742,projekt-detail_1630,IC1408,0.1052891704
982,projekt-detail_1858,IS1410,0.1051731658
1556,projekt-detail_729,IS1210,0.1051305712
906,projekt-detail_1786,IS0902,0.1050805508
1327,projekt-detail_479,ES1005,0.1050452672
1051,projekt-detail_1924,CM0701,0.1049843425
1052,projekt-detail_1925,IC0906,0.1049661805
435,projekt-detail_1333,IC1202,0.1048863461
1777,projekt-detail_975,BM1106,0.1048072749
1697,projekt-detail_888,IS1205,0.1048010448
1019,projekt-detail_1893,IC0804,0.1047985771
753,projekt-detail_1642,BM1104,0.1047777344
1018,projekt-detail_1892,TU1004,0.1046312133
1402,projekt-detail_559,IS1308,0.1046196844
562,projekt-detail_1456,TD1201,0.1045726822
254,projekt-detail_1157,FP0902,0.1045043432
846,projekt-detail_1730,FP1304,0.1043405712
1758,projekt-detail_952,TD1201,0.1042474279
1279,projekt-detail_425,CM1201,0.104218297
74,projekt-detail_079,FP1205,0.1042115258
941,projekt-detail_181,TD0801,0.104114787
1786,projekt-detail_984,IS0602,0.1040771796
809,projekt-detail_1695,MP1402,0.1040312301
792,projekt-detail_167,TU0601,0.1039927764
285,projekt-detail_1187,IS0603,0.1039828179
1377,projekt-detail_533,IS1302,0.1039339133
955,projekt-detail_1833,IS1404,0.1038354305
1347,projekt-detail_502,FP1205,0.1038232183
168,projekt-detail_1070,IS1405,0.1037946531
1087,projekt-detail_227,ES1201,0.1036786637
1223,projekt-detail_367,BM1208,0.1036693976
1048,projekt-detail_1921,IS1404,0.1036687267
1041,projekt-detail_1914,TU1303,0.1036456498
570,projekt-detail_1463,ES1004,0.103641671
430,projekt-detail_1329,CM1303,0.1036045507
67,projekt-detail_072,IS0903,0.1035254067
991,projekt-detail_1867,IS0704,0.1035157069
500,projekt-detail_1394,FP1304,0.1033434551
120,projekt-detail_1026,FA1002,0.1033357138
849,projekt-detail_1733,ES1101,0.1033092949
1614,projekt-detail_796,FP1006,0.1032030617
150,projekt-detail_1054,IS1002,0.1031169097
1189,projekt-detail_332,IS0902,0.103109669
741,projekt-detail_162,IS1303,0.1027964256
943,projekt-detail_1821,TU1002,0.1026188268
810,projekt-detail_1696,TU0903,0.1025913556
1687,projekt-detail_878,ES1002,0.1024955191
558,projekt-detail_1452,TU0903,0.1024596863
186,projekt-detail_1088,FA1204,0.1023473116
800,projekt-detail_1687,IS0605,0.1022975652
124,projekt-detail_102,BM1402,0.1021340876
1539,projekt-detail_710,BM1403,0.1020793918
711,projekt-detail_1602,IS0906,0.1020435823
93,projekt-detail_098,IS0703,0.1018167829
1326,projekt-detail_478,IC0702,0.1018121716
1483,projekt-detail_648,TU0905,0.1017466454
428,projekt-detail_1327,IS1308,0.1016765305
514,projekt-detail_140,CM0702,0.1014094768
1274,projekt-detail_420,IS1406,0.1014003791
680,projekt-detail_1572,BM0906,0.1013690639
454,projekt-detail_1351,IS0805,0.101278648
716,projekt-detail_1607,TU0702,0.1012784828
1307,projekt-detail_457,TU0804,0.1012556403
861,projekt-detail_1744,FA0804,0.1012549873
1241,projekt-detail_386,IS0906,0.1011261842
873,projekt-detail_1756,TU1001,0.1011259219
785,projekt-detail_1672,FA1208,0.1010256199
407,projekt-detail_1306,IC0801,0.1009726477
1024,projekt-detail_1898,IC1408,0.1009377624
1727,projekt-detail_918,TU1207,0.100831128
327,projekt-detail_1227,IS1408,0.1008152808
1752,projekt-detail_946,IS1103,0.1007266876
922,projekt-detail_1801,FP1407,0.1007007252
1188,projekt-detail_331,IS0703,0.1005828256
724,projekt-detail_1614,ES1406,0.1005436357
446,projekt-detail_1343,IC0601,0.1005106999
1129,projekt-detail_269,MP1106,0.1003631944
440,projekt-detail_1338,IC0806,0.1003013513
1545,projekt-detail_717,CM1303,0.1002905879
361,projekt-detail_125,FA1202,0.100268527
18,projekt-detail_020,IS0601,0.1002371945
1445,projekt-detail_607,IC0904,0.1001650737
616,projekt-detail_1505,CM1206,0.1001325726
1523,projekt-detail_694,IS0902,0.0999907059
442,projekt-detail_133,FP1004,0.0999611443
256,projekt-detail_1159,IS0801,0.0999566787
1140,projekt-detail_280,IS1409,0.0998604866
1139,projekt-detail_279,TD1202,0.0997846008
1578,projekt-detail_753,IS1206,0.0997503692
1744,projekt-detail_938,ES1203,0.0996693366
646,projekt-detail_1534,MP1305,0.0994311716
1599,projekt-detail_775,IS0703,0.099219722
889,projekt-detail_1770,ES0802,0.0991829159
949,projekt-detail_1828,ES1004,0.0991515567
310,projekt-detail_1210,IS1205,0.0991189935
1641,projekt-detail_829,IS1410,0.0990729669
661,projekt-detail_1555,FP1303,0.0990195486
257,projekt-detail_115,TD1006,0.0988896422
1568,projekt-detail_743,FA1001,0.0988145294
1492,projekt-detail_658,TU1104,0.0987849147
958,projekt-detail_1836,ES0802,0.0987812516
491,projekt-detail_1385,IC1302,0.0986375759
62,projekt-detail_067,IS0802,0.0986191691
720,projekt-detail_1610,TD0905,0.0985635191
424,projekt-detail_1323,TU1004,0.0985537189
87,projekt-detail_092,MP1307,0.0985049481
638,projekt-detail_1526,IC1306,0.0984802095
1069,projekt-detail_207,IS0603,0.0984155591
649,projekt-detail_1537,TU1002,0.0983658775
648,projekt-detail_1536,TU1002,0.0983658775
1487,projekt-detail_652,IS1202,0.0983410757
1122,projekt-detail_262,IC0804,0.0982531645
151,projekt-detail_1055,FP1206,0.0981734513
1067,projekt-detail_205,IS0906,0.0981532694
301,projekt-detail_1202,IC0806,0.0979224643
239,projekt-detail_1140,ES1104,0.0978846129
791,projekt-detail_1679,ES1408,0.0978483238
487,projekt-detail_1381,IS1406,0.0974422809
1287,projekt-detail_434,ES0803,0.0974331535
3,projekt-detail_004,IC1206,0.0971697744
321,projekt-detail_1220,ES1201,0.0971034352
1278,projekt-detail_424,ES1203,0.0969388878
1675,projekt-detail_865,IS1409,0.0968889171
452,projekt-detail_1349,IS0903,0.0968863832
314,projekt-detail_1214,MP1106,0.0968827381
262,projekt-detail_1164,IS0902,0.0966971081
1321,projekt-detail_473,TD1101,0.0966414585
578,projekt-detail_1470,IS1204,0.0964491119
559,projekt-detail_1453,IS1204,0.0964491119
1043,projekt-detail_1916,TD1203,0.0963838795
1074,projekt-detail_213,TU0801,0.0960895482
455,projekt-detail_1352,IS0603,0.0960469179
563,projekt-detail_1457,TD1210,0.0960363733
1725,projekt-detail_916,IS1306,0.0960179623
601,projekt-detail_1491,IC0701,0.0958253107
1316,projekt-detail_467,IC1206,0.0957957126
398,projekt-detail_1296,CM1101,0.095781154
631,projekt-detail_151,TD1303,0.0955576059
706,projekt-detail_1598,ES0907,0.0955077546
83,projekt-detail_088,IS1202,0.0954472986
1606,projekt-detail_784,TU1104,0.0954451881
1007,projekt-detail_1882,FA1308,0.0954088041
543,projekt-detail_1437,TD1005,0.0951536035
289,projekt-detail_1190,TU1002,0.095135039
479,projekt-detail_1374,MP1208,0.0950887501
1121,projekt-detail_261,BM1406,0.0950434871
1618,projekt-detail_801,TU0804,0.0949194901
1193,projekt-detail_336,ES1308,0.0948454534
1211,projekt-detail_355,ES1202,0.0947916147
1800,projekt-detail_998,IC0901,0.0947908111
46,projekt-detail_051,MP1101,0.0946807795
1616,projekt-detail_798,TU1002,0.0946353835
1164,projekt-detail_305,TU1103,0.0944996738
1032,projekt-detail_1906,TU1303,0.0944744674
183,projekt-detail_1084,TD1101,0.0944530511
1207,projekt-detail_351,TU0804,0.0944332672
81,projekt-detail_086,IS0903,0.0943827722
1190,projekt-detail_333,TD1005,0.0943636463
633,projekt-detail_1521,IS1102,0.0942411341
1362,projekt-detail_517,IC1205,0.0940276993
799,projekt-detail_1686,BM1402,0.0937970636
974,projekt-detail_1850,TU1406,0.0937063203
1259,projekt-detail_404,IC0806,0.09345553
1457,projekt-detail_619,ES1404,0.0934403295
695,projekt-detail_1586,IS1207,0.0933180674
246,projekt-detail_1147,ES0803,0.0933036149
643,projekt-detail_1530,ES1003,0.0931182309
1295,projekt-detail_443,IC1304,0.093008317
1128,projekt-detail_268,CM1404,0.0929648157
209,projekt-detail_1110,MP1306,0.0929528861
363,projekt-detail_1261,IS0605,0.0929175415
1145,projekt-detail_285,TU0603,0.0927031939
1036,projekt-detail_190,BM0902,0.0926450333
759,projekt-detail_1648,IC1207,0.0925247639
1197,projekt-detail_340,FA1004,0.0924810571
184,projekt-detail_1086,TU1004,0.0924279291
1400,projekt-detail_557,FP1207,0.0923576612
1302,projekt-detail_452,TU0701,0.0923256088
1244,projekt-detail_389,IC1302,0.0922988099
1269,projekt-detail_414,FA1001,0.0922719012
663,projekt-detail_1557,BM0704,0.0920606052
1152,projekt-detail_292,FP0603,0.0920454338
410,projekt-detail_1309,FA0702,0.0920191553
1750,projekt-detail_944,IS1007,0.091954274
288,projekt-detail_118,IS0605,0.0919356034
453,projekt-detail_134,ES0802,0.0917083819
836,projekt-detail_1720,FP1404,0.0916752581
1055,projekt-detail_193,TU1202,0.0916717402
143,projekt-detail_1047,FA0802,0.0915893715
1728,projekt-detail_919,FP1406,0.091414266
43,projekt-detail_048,TD0803,0.0913125735
614,projekt-detail_1503,BM0704,0.0911877191
1593,projekt-detail_769,TD1202,0.0911842528
1368,projekt-detail_524,TD1201,0.0911189964
200,projekt-detail_1102,IS0906,0.0910799985
866,projekt-detail_1749,BM1402,0.0909507924
95,projekt-detail_1000,FA1105,0.0908625343
235,projekt-detail_1135,MP1105,0.0908372164
526,projekt-detail_1420,IS0602,0.0907726342
295,projekt-detail_1197,TU0804,0.0907517016
548,projekt-detail_1442,ES0602,0.0906046096
959,projekt-detail_1837,IS1102,0.0905172822
1509,projekt-detail_677,ES1305,0.0904454963
1789,projekt-detail_987,IC1301,0.0904312792
1173,projekt-detail_316,CM1006,0.0903253916
1199,projekt-detail_342,FP1105,0.0901851185
1505,projekt-detail_673,IS1408,0.0899617654
47,projekt-detail_052,IS0603,0.0899284986
827,projekt-detail_1712,IS0902,0.0897231012
1479,projekt-detail_644,IC1002,0.0896941614
1216,projekt-detail_360,FP1204,0.0895621409
431,projekt-detail_132,TU1001,0.0894333815
590,projekt-detail_1481,TU1205,0.0894237895
1264,projekt-detail_409,IS1306,0.0891900156
828,projekt-detail_1713,IS0902,0.0890240742
1772,projekt-detail_968,IC1207,0.0889441568
1174,projekt-detail_317,IC1105,0.0887211008
1146,projekt-detail_286,IS0802,0.08866186
1076,projekt-detail_215,IS0801,0.088602558
370,projekt-detail_1268,TU1002,0.0885676011
63,projekt-detail_068,FP0804,0.088493373
225,projekt-detail_1126,ES1106,0.0881652057
388,projekt-detail_1286,BM1103,0.0881516341
1760,projekt-detail_954,IS1404,0.0880929773
918,projekt-detail_1798,TU1004,0.0879861981
21,projekt-detail_023,IS0604,0.0878499194
1078,projekt-detail_217,IS0906,0.0877637275
450,projekt-detail_1347,IS1104,0.0877361698
666,projekt-detail_155,IS1004,0.087492646
1406,projekt-detail_563,IS0906,0.0872663187
879,projekt-detail_1761,IC1408,0.0872350349
917,projekt-detail_1797,TU1205,0.0871663333
927,projekt-detail_1807,IS1207,0.0871658892
1713,projekt-detail_904,TU1306,0.0869763353
1555,projekt-detail_728,FP0804,0.0869449972
524,projekt-detail_1419,IC0902,0.0869121492
1782,projekt-detail_980,FA1006,0.0867881786
945,projekt-detail_1823,FP0901,0.0867775479
1405,projekt-detail_562,IS0602,0.0867184
1745,projekt-detail_939,FA1306,0.0865446422
1430,projekt-detail_588,ES0801,0.086534622
204,projekt-detail_1106,ES1201,0.0864815323
211,projekt-detail_1112,TU0802,0.0863249793
1013,projekt-detail_1888,IS1101,0.0861913212
94,projekt-detail_099,TU0804,0.0861739403
520,projekt-detail_1415,TU0602,0.0860623853
1495,projekt-detail_661,TU1103,0.0859407552
1318,projekt-detail_469,FP1403,0.0858541665
207,projekt-detail_1109,MP1006,0.0858181012
1208,projekt-detail_352,IS1409,0.085801165
1247,projekt-detail_392,IC1402,0.0857599127
568,projekt-detail_1461,IC1301,0.0856827421
976,projekt-detail_1852,TU0903,0.0856693997
1149,projekt-detail_289,IC0804,0.0856641495
613,projekt-detail_1502,TD1302,0.0856409266
1037,projekt-detail_1910,MP1306,0.085516903
1490,projekt-detail_656,TU0804,0.0854668224
704,projekt-detail_1595,ES0602,0.0853866343
499,projekt-detail_1393,BM1407,0.085379613
1730,projekt-detail_922,FP1407,0.0850533262
981,projekt-detail_1857,IS1006,0.0850433667
192,projekt-detail_1094,IS1410,0.0850363142
1649,projekt-detail_837,IC1207,0.0849448272
307,projekt-detail_1208,FA0803,0.0849217861
1653,projekt-detail_841,TU1209,0.0848708395
1623,projekt-detail_806,IC1301,0.084845712
937,projekt-detail_1816,TU1207,0.0847990546
1548,projekt-detail_721,TD1209,0.0847153556
626,projekt-detail_1515,MP1207,0.0846773727
1564,projekt-detail_739,IS1107,0.0845997185
1111,projekt-detail_251,IC0604,0.0845785296
278,projekt-detail_117,TD1106,0.0844457043
1711,projekt-detail_902,BM1103,0.0844234159
1650,projekt-detail_838,IS1407,0.0844196263
1219,projekt-detail_363,TD1205,0.084403626
902,projekt-detail_1782,IC1105,0.0842762103
1622,projekt-detail_805,MP1305,0.0842377077
746,projekt-detail_1635,BM1406,0.084205515
697,projekt-detail_1589,IC1408,0.0842052387
1365,projekt-detail_521,TD1101,0.0841357411
793,projekt-detail_1680,FP1304,0.0841254542
1151,projekt-detail_291,FP0804,0.0840759646
1471,projekt-detail_636,TD1106,0.0840333175
660,projekt-detail_1554,TU1207,0.0840277609
136,projekt-detail_1040,IC1104,0.0840116688
1773,projekt-detail_969,CM1201,0.0837682883
36,projekt-detail_040,IC1106,0.0837385252
1073,projekt-detail_212,CM1306,0.0836846177
1421,projekt-detail_578,IS0801,0.0835992949
1459,projekt-detail_621,TU1004,0.0835332701
242,projekt-detail_1143,FP1205,0.0834773671
1544,projekt-detail_715,TU1201,0.0833077198
224,projekt-detail_1125,TU1303,0.0832463084
772,projekt-detail_165,IS0802,0.0832293925
1442,projekt-detail_604,IC0702,0.0832180151
176,projekt-detail_1078,BM1402,0.0831584505
723,projekt-detail_1613,FP0804,0.083136655
1549,projekt-detail_722,IS0605,0.0830054811
883,projekt-detail_1765,FA1003,0.0827979773
1277,projekt-detail_423,IS0903,0.0825330647
8,projekt-detail_009,IC0604,0.0824783073
20,projekt-detail_022,FA1005,0.0824394487
960,projekt-detail_1838,BM1307,0.0822874978
1311,projekt-detail_462,FP1003,0.0822700435
1572,projekt-detail_747,MP1304,0.0822133778
1664,projekt-detail_852,BM1207,0.0821078135
588,projekt-detail_147,TD1103,0.08209632
503,projekt-detail_1398,IS0605,0.0819324315
234,projekt-detail_1134,CM1404,0.0818774886
112,projekt-detail_1019,FP1304,0.0818405559
1374,projekt-detail_530,FA1302,0.0818320678
1624,projekt-detail_807,TU1408,0.0818019291
963,projekt-detail_1840,IS1207,0.0811233058
355,projekt-detail_1254,IC1201,0.0810322257
406,projekt-detail_1304,IS0601,0.0808071371
272,projekt-detail_1174,FP0804,0.0808060258
489,projekt-detail_1383,FP1006,0.0806733706
1126,projekt-detail_266,TU1001,0.0806358503
343,projekt-detail_1242,TU0602,0.0804745762
1706,projekt-detail_897,BM1406,0.080388415
384,projekt-detail_1282,FP0901,0.0803462145
1323,projekt-detail_475,ES0902,0.0802215516
9,projekt-detail_010,IS0703,0.0800839472
832,projekt-detail_1717,BM1204,0.0799865489
822,projekt-detail_1708,FP1003,0.0799595217
1643,projekt-detail_831,FP0804,0.0798721428
1357,projekt-detail_512,IS0603,0.0798528525
1303,projekt-detail_453,IC0801,0.0798055777
1114,projekt-detail_254,FP0803,0.0797788429
64,projekt-detail_069,CM1303,0.0797515266
304,projekt-detail_1205,TD1106,0.0795973272
1542,projekt-detail_713,FP1405,0.0795501868
541,projekt-detail_1435,FP0901,0.0793491154
1553,projekt-detail_726,TD1106,0.0793439695
1075,projekt-detail_214,TD1210,0.0793293217
1168,projekt-detail_309,FP1003,0.0793040005
582,projekt-detail_1474,FP0802,0.0792688452
1467,projekt-detail_632,IS1310,0.0792064121
1597,projekt-detail_773,IS1303,0.0791701298
794,projekt-detail_1681,IS0902,0.0787663462
936,projekt-detail_1815,IS1404,0.0787179677
915,projekt-detail_1795,TU1302,0.0786514023
1366,projekt-detail_522,TU1401,0.0785440864
1354,projekt-detail_509,IC0602,0.0785415458
1142,projekt-detail_282,IS0907,0.078538155
1685,projekt-detail_876,IS1205,0.0785008227
1437,projekt-detail_599,MP1006,0.0784669462
1198,projekt-detail_341,IS1306,0.078454688
923,projekt-detail_1802,ES1201,0.0783701236
1660,projekt-detail_848,IS1308,0.0783059254
35,projekt-detail_039,FA1006,0.0781949153
534,projekt-detail_1429,IS1205,0.0777050291
813,projekt-detail_1699,ES1102,0.0776660302
882,projekt-detail_1764,FA1306,0.0776639034
89,projekt-detail_094,BM1208,0.077522982
693,projekt-detail_1584,FP1405,0.0774622278
356,projekt-detail_1255,ES1408,0.0773944862
138,projekt-detail_1042,IC1103,0.0773158906
1498,projekt-detail_665,TD1210,0.077284077
118,projekt-detail_1024,IS1404,0.0770138982
860,projekt-detail_1743,IC0806,0.0769860066
1719,projekt-detail_910,IS0603,0.0769664086
1335,projekt-detail_488,TU1401,0.0769323589
286,projekt-detail_1188,IS0906,0.0768825507
1242,projekt-detail_387,IC1002,0.0768460907
647,projekt-detail_1535,IC1204,0.0768178999
5,projekt-detail_006,IS0801,0.0765460628
1427,projekt-detail_585,FP0603,0.0764670122
886,projekt-detail_1768,IS1202,0.0764264276
1451,projekt-detail_613,BM0606,0.0763878945
413,projekt-detail_1311,FA1302,0.0761416113
366,projekt-detail_1264,IS1007,0.0760789722
50,projekt-detail_055,IS0906,0.0760137777
1125,projekt-detail_265,FA1001,0.0759928352
1621,projekt-detail_804,TU1304,0.07597838
1058,projekt-detail_196,TU0903,0.0758833099
1080,projekt-detail_219,ES0806,0.0757589937
296,projekt-detail_1198,IS0801,0.0757280045
202,projekt-detail_1104,TD1210,0.0756802908
989,projekt-detail_1865,IC1307,0.0756241863
1521,projekt-detail_691,TD1210,0.0755268016
966,projekt-detail_1843,ES1205,0.0755188926
230,projekt-detail_1130,IS1103,0.075357724
1756,projekt-detail_950,IS0906,0.0752801609
1361,projekt-detail_516,IS0603,0.0752557601
1531,projekt-detail_702,ES1106,0.0752529314
493,projekt-detail_1387,IC0604,0.0751448997
1324,projekt-detail_476,BM1207,0.0751180987
1136,projekt-detail_276,IC1001,0.0751104615
1529,projekt-detail_700,FP1403,0.0750931317
668,projekt-detail_1561,CM1206,0.0750885724
754,projekt-detail_1643,TU1208,0.0749801629
730,projekt-detail_161,IS0602,0.0748082206
128,projekt-detail_1033,IS0901,0.0747325865
1021,projekt-detail_1895,TD1003,0.0743820106
1394,projekt-detail_550,TU1205,0.0743778556
1393,projekt-detail_549,TU1205,0.0743778556
787,projekt-detail_1674,ES1203,0.0743585594
1063,projekt-detail_201,CM1404,0.0743547928
1418,projekt-detail_575,FP1404,0.0743416785
1536,projekt-detail_707,TU1204,0.0743353705
1341,projekt-detail_495,IS0801,0.0742787822
913,projekt-detail_1793,ES0603,0.0740545681
232,projekt-detail_1132,IS1007,0.0738994957
632,projekt-detail_1520,FP1202,0.0738894197
88,projekt-detail_093,IS1405,0.0738868554
1799,projekt-detail_997,TD1210,0.0737879471
1446,projekt-detail_608,ES0805,0.0735289907
1656,projekt-detail_844,TU1105,0.0734286845
677,projekt-detail_156,IS1204,0.0732594346
1280,projekt-detail_426,IS0602,0.0732533839
490,projekt-detail_1384,TU1303,0.073252738
416,projekt-detail_1315,IS0701,0.0730316218
1213,projekt-detail_357,CM1405,0.0730219355
744,projekt-detail_1633,IS0604,0.0729565983
52,projekt-detail_057,IS0803,0.0729315161
1246,projekt-detail_391,CM1201,0.0727901194
1785,projekt-detail_983,IS1302,0.0727187503
1119,projekt-detail_259,TU1205,0.0726944519
914,projekt-detail_1794,TU1207,0.072545749
318,projekt-detail_1218,TD1303,0.0725418522
330,projekt-detail_122,MP1407,0.0724986529
1648,projekt-detail_836,ES0601,0.0724406445
713,projekt-detail_1604,IS1406,0.0724053736
1245,projekt-detail_390,TU1203,0.0720866
1025,projekt-detail_1899,TU0601,0.0719358143
948,projekt-detail_1826,TU0601,0.0719358143
1000,projekt-detail_1875,FP1407,0.0718662561
1743,projekt-detail_937,ES0803,0.0718523493
1137,projekt-detail_277,ES1302,0.0717230867
1113,projekt-detail_253,MP0601,0.0716537717
551,projekt-detail_1445,ES1407,0.0715055637
712,projekt-detail_1603,IS1404,0.071374641
694,projekt-detail_1585,TU1207,0.0713423221
1512,projekt-detail_680,IS1409,0.0712745479
381,projekt-detail_1279,FA1208,0.0711186552
1601,projekt-detail_777,IC1408,0.0710869304
591,projekt-detail_1482,IS0703,0.071043305
1023,projekt-detail_1897,TU0903,0.0710232733
1499,projekt-detail_666,IS0703,0.0709303258
1425,projekt-detail_582,ES0803,0.0707866437
65,projekt-detail_070,MP1106,0.070779603
213,projekt-detail_1114,IC1302,0.0705783381
1378,projekt-detail_534,TD1209,0.0704603312
1732,projekt-detail_924,BM0607,0.0700904283
1717,projekt-detail_908,ES1205,0.0700608205
1410,projekt-detail_567,IC0702,0.0700439449
978,projekt-detail_1854,IC0901,0.0700381196
636,projekt-detail_1524,IC0901,0.0700381196
1201,projekt-detail_344,IC1206,0.0696987448
251,projekt-detail_1153,TU1304,0.0695695523
1182,projekt-detail_325,ES0803,0.0695672531
294,projekt-detail_1196,IS0903,0.0694136035
1474,projekt-detail_639,IS0703,0.0693942452
1038,projekt-detail_1911,IC0804,0.0690801407
683,projekt-detail_1575,IC0902,0.0690015967
1748,projekt-detail_942,TD1106,0.068816939
1263,projekt-detail_408,FP0802,0.0687634097
1262,projekt-detail_407,FP0802,0.0687634097
1160,projekt-detail_301,MP1308,0.0687370661
521,projekt-detail_1416,ES1104,0.0687342954
181,projekt-detail_1082,TU1406,0.0687216436
1020,projekt-detail_1894,FP1205,0.0684256243
1404,projekt-detail_561,ES1205,0.0684247274
447,projekt-detail_1344,IS1304,0.0683893678
1175,projekt-detail_318,FA0903,0.0683088687
1769,projekt-detail_965,ES1105,0.0682259448
125,projekt-detail_1030,IS1103,0.0682255843
249,projekt-detail_1150,MP1004,0.0680176647
1231,projekt-detail_375,IS1103,0.0678510208
1109,projekt-detail_249,TU1102,0.0678428648
229,projekt-detail_112,BM1401,0.0675005044
1417,projekt-detail_574,IS0605,0.0674476891
1248,projekt-detail_393,IS1303,0.0673986217
1680,projekt-detail_870,IS1204,0.0671422624
1577,projekt-detail_752,TU1304,0.0665277491
644,projekt-detail_1531,IS0602,0.0664834776
1733,projekt-detail_925,FP1201,0.0663787985
847,projekt-detail_1731,IC1408,0.0662820951
874,projekt-detail_1757,IC1304,0.0661790237
1429,projekt-detail_587,TD1103,0.0661502686
1698,projekt-detail_889,BM1104,0.0659513616
1633,projekt-detail_820,IS1007,0.0654961599
1412,projekt-detail_569,ES1202,0.0654791214
840,projekt-detail_1725,MP1406,0.0654600295
1064,projekt-detail_202,IC1401,0.0654226526
1540,projekt-detail_711,IS1409,0.0653456
1227,projekt-detail_371,TU1407,0.0651963784
1488,projekt-detail_654,IC0906,0.065125902
1250,projekt-detail_395,IS1409,0.0650806779
1154,projekt-detail_294,FA0701,0.065058947
1285,projekt-detail_432,IS1103,0.0650448311
1638,projekt-detail_826,ES0803,0.0650435509
845,projekt-detail_172,IS1202,0.0650369404
567,projekt-detail_1460,ES1309,0.0648421062
1293,projekt-detail_441,IS0603,0.0647662449
938,projekt-detail_1817,FP1306,0.0647101279
1739,projekt-detail_933,IS1407,0.064576767
1184,projekt-detail_327,TU0804,0.0643507874
308,projekt-detail_1209,TU1002,0.0641737862
191,projekt-detail_1093,TU1002,0.0640614252
1204,projekt-detail_347,TD1106,0.0638493105
749,projekt-detail_1638,IS0604,0.0637625335
907,projekt-detail_1787,ES1004,0.0634655907
1738,projekt-detail_932,BM1104,0.0632176584
177,projekt-detail_1079,IS1308,0.0630777065
380,projekt-detail_1278,TD1208,0.0628482559
275,projekt-detail_1177,FP1302,0.0627484283
690,projekt-detail_1581,ES1407,0.0625980883
92,projekt-detail_097,IS1105,0.0624831744
1359,projekt-detail_514,IS0802,0.0618798677
1720,projekt-detail_911,TD1210,0.0618157955
987,projekt-detail_1862,TU0601,0.0616860193
1314,projekt-detail_465,TU1201,0.0615549066
1718,projekt-detail_909,TD1201,0.0614336683
1613,projekt-detail_795,TU1406,0.0614239728
400,projekt-detail_1299,FP1204,0.0613095897
292,projekt-detail_1193,FP1304,0.0605833466
1308,projekt-detail_459,CM1404,0.0602216786
1552,projekt-detail_725,FA1407,0.0601088822
825,projekt-detail_1710,IS0902,0.060023081
341,projekt-detail_1240,IS0602,0.059941629
439,projekt-detail_1337,TU0804,0.0598680514
1559,projekt-detail_734,MP0804,0.0593781987
818,projekt-detail_1704,IC0602,0.0577540214
1120,projekt-detail_260,TD1205,0.0576745493
1161,projekt-detail_302,TU0804,0.057493713
1221,projekt-detail_365,FP1407,0.0574923316
1382,projekt-detail_538,ES1003,0.0574439957
1433,projekt-detail_593,IS0906,0.0574211377
1801,projekt-detail_999,FP0603,0.057365272
401,projekt-detail_129,FA1402,0.0572999883
1333,projekt-detail_485,IC0804,0.0572918041
1172,projekt-detail_314,FA1102,0.0571473058
1090,projekt-detail_230,ES1104,0.0569947737
1104,projekt-detail_244,FA1002,0.0566367852
507,projekt-detail_1401,IS0605,0.0564546281
193,projekt-detail_1095,MP0701,0.0564123443
486,projekt-detail_1380,ES0803,0.056273132
657,projekt-detail_1551,IS0802,0.0559394627
1655,projekt-detail_843,IS0906,0.0552355109
98,projekt-detail_1005,FA1006,0.0547243294
44,projekt-detail_049,BM1003,0.0544629446
598,projekt-detail_1489,TU1002,0.0544005522
1659,projekt-detail_847,IS0802,0.0542782647
141,projekt-detail_1045,IC1103,0.0537895419
1110,projekt-detail_250,BM1402,0.0534661796
935,projekt-detail_1814,BM1101,0.0532881704
1587,projekt-detail_762,IS0802,0.0531170998
24,projekt-detail_027,FA1304,0.0529210306
387,projekt-detail_1285,FA1204,0.0528120679
1097,projekt-detail_237,BM0702,0.052575482
1083,projekt-detail_222,TD1205,0.0525215782
325,projekt-detail_1224,IC1001,0.0515771991
1608,projekt-detail_787,IS0902,0.0515595141
1029,projekt-detail_1902,FP1302,0.0514204503
237,projekt-detail_1138,IC0906,0.0513021615
368,projekt-detail_1266,ES0802,0.0511534385
910,projekt-detail_1790,CM1403,0.0509561302
509,projekt-detail_1404,FA0806,0.0509073663
1391,projekt-detail_547,IS0605,0.0506578456
1581,projekt-detail_756,FP0804,0.0504291355
1272,projekt-detail_418,BM0804,0.0503050898
423,projekt-detail_1322,IS1304,0.050254628
30,projekt-detail_034,CM1304,0.0488634115
1027,projekt-detail_1900,IS1205,0.0484700449
1381,projekt-detail_537,TD1101,0.0482977605
1458,projekt-detail_620,TU0903,0.0479974812
458,projekt-detail_1355,ES1101,0.0477736537
1108,projekt-detail_248,IC0904,0.0476695351
1591,projekt-detail_766,TD1206,0.0474830159
1796,projekt-detail_994,CM1206,0.0472913192
26,projekt-detail_030,IS0906,0.0470506829
1131,projekt-detail_271,FA0803,0.046337899
1558,projekt-detail_732,IS0603,0.0460282235
1645,projekt-detail_833,IC0804,0.0450846066
1053,projekt-detail_1926,IC0806,0.0450167567
142,projekt-detail_1046,CM1405,0.044608168
1017,projekt-detail_1891,TU1002,0.0445767342
811,projekt-detail_1697,IS0605,0.0443555971
212,projekt-detail_1113,IS0903,0.0434827281
738,projekt-detail_1627,IS1002,0.0431204438
1502,projekt-detail_669,FA1405,0.0421332756
1169,projekt-detail_310,TU1304,0.0419678315
155,projekt-detail_1059,IS1308,0.0419255321
835,projekt-detail_171,IS0703,0.0413795881
313,projekt-detail_1213,BM1403,0.0401626273
374,projekt-detail_1272,MP1406,0.0385688948
1527,projekt-detail_698,MP0701,0.0369959227
820,projekt-detail_1706,TU1303,0.0349837685
1386,projekt-detail_542,CM1307,0.0340122592
766,projekt-detail_1654,BM1207,0.0323102399
1722,projekt-detail_913,FP1303,0.0294204426
